Daniel;63;FO
Franz;29;pilot
David;51;flightattendant
Irmi;22;pilot
Lisa;23;pilot
Franz;44;FO
Selina;43;flightattendant
Liam;22;flightattendant
Selina;30;flightattendant
Sebastian;26;FO
Sarah;21;pilot
Alexander;26;pilot
Irmi;59;FO
Liam;63;flightattendant
Anna;58;flightattendant
Franz;43;FO
Alexander;56;pilot
Micheal;49;FO
Lisa;54;FO
Mark;35;FO
Julia;61;FO
Heinz;43;FO
Micheal;41;flightattendant
Alexander;37;pilot
Sophia;51;flightattendant
David;36;pilot
Hannah;59;FO
David;57;pilot
Sebastian;62;pilot
Selina;31;pilot
Franz;58;flightattendant
Sarah;54;FO
Franz;61;flightattendant
Julia;36;flightattendant
Liam;33;flightattendant
Lukas;57;FO
Alexander;64;flightattendant
Mark;38;flightattendant
Sebastian;34;flightattendant
Thomas;48;flightattendant
Anna;42;flightattendant
Sophia;43;flightattendant
Liam;40;flightattendant
Irmi;58;flightattendant
Liam;39;flightattendant
Daniel;22;flightattendant
Julia;34;flightattendant
Micheal;46;flightattendant
Sophia;33;flightattendant
Sarah;23;flightattendant
Alexander;54;flightattendant
Sebastian;27;flightattendant
Micheal;35;flightattendant
Lisa;59;flightattendant
Lukas;51;flightattendant
Franz;43;flightattendant
Lukas;59;flightattendant
Liam;23;flightattendant
Franz;57;flightattendant
Irmi;45;flightattendant
Alexander;29;flightattendant
Hannah;32;flightattendant
Lukas;49;flightattendant
Lukas;27;flightattendant
Thomas;58;flightattendant
Sophia;61;flightattendant
Daniel;63;FO
Franz;29;pilot
David;51;flightattendant
Irmi;22;pilot
Lisa;23;pilot
Franz;44;FO
Selina;43;flightattendant
Liam;22;flightattendant
Selina;30;flightattendant
Sebastian;26;FO
Sarah;21;pilot
Alexander;26;pilot
Irmi;59;FO
Liam;63;flightattendant
Anna;58;flightattendant
Franz;43;FO
Alexander;56;pilot
Micheal;49;FO
Lisa;54;FO
Mark;35;FO
Julia;61;FO
Heinz;43;FO
Micheal;41;flightattendant
Alexander;37;pilot
Sophia;51;flightattendant
David;36;pilot
Hannah;59;FO
David;57;pilot
Sebastian;62;pilot
Selina;31;pilot
Franz;58;flightattendant
Sarah;54;FO
Franz;61;flightattendant
Julia;36;flightattendant
Liam;33;flightattendant
Lukas;57;FO
Alexander;64;flightattendant
Mark;38;flightattendant
Sebastian;34;flightattendant
Thomas;48;flightattendant
David;57;pilot
Sebastian;62;pilot
Selina;31;pilot
Selina;43;flightattendant
Liam;22;flightattendant
Selina;30;flightattendant
Sebastian;26;FO
Sarah;21;pilot
Alexander;26;pilot
Irmi;59;FO
Liam;63;flightattendant
Anna;58;flightattendant
Franz;43;FO
Alexander;56;pilot
Micheal;49;FO
Lisa;54;FO
Mark;35;FO
Julia;61;FO
Heinz;43;FO
Micheal;41;flightattendant
Alexander;37;pilot
Sophia;51;flightattendant
David;36;pilot
Hannah;59;FO