name;age;flightNumber;seat;ticketclass;luggageWeight
Alexander;80;MBI23;C5;Economy;6.2
Micheal;14;MBI23;D16;Economy;30.1
Thomas;13;MBI23;C22;Economy;23.0
Liam;33;MBI23;B27;Economy;24.1
David;7;MBI23;F20;Economy;6.0
Lucas;5;MBI23;C24;Economy;29.3
Daniel;49;MBI23;E20;Economy;11.7
William;75;MBI23;D23;Economy;25.9
Liam;26;MBI23;F25;Economy;15.9
Andrew;58;MBI23;E18;Economy;20.9
Joshua;42;MBI23;D21;Economy;12.4
Mia;70;MBI23;D31;Economy;17.3
Thomas;31;MBI23;A25;Economy;15.3
Benjamin;6;MBI23;D8;Economy;31.5
Andrew;5;MBI23;D7;Economy;5.6
Andrew;44;MBI23;D16;Economy;22.8
David;12;MBI23;E1;Economy;27.4
Daniel;45;MBI23;C18;Economy;24.5
Thomas;2;MBI23;A6;Economy;8.1
Julia;74;MBI23;E4;Economy;14.8
Sophia;72;MBI23;B6;Economy;14.6
Joshua;57;MBI23;A29;Economy;25.3
Mateo;74;MBI23;B31;Economy;9.8
Sarah;6;MBI23;B23;Economy;19.7
Joshua;15;MBI23;A6;Economy;5.4
Andrew;77;MBI23;A5;Economy;21.6
Thomas;4;MBI23;A3;Economy;24.2
Mateo;9;MBI23;D26;Economy;15.8
Benjamin;2;MBI23;A21;Economy;27.0
Micheal;72;MBI23;D17;Economy;32.5
Benjamin;15;MBI23;C26;Economy;13.7
Alexander;73;MBI23;F26;Economy;7.9
Mia;68;MBI23;F16;Economy;5.4
Lucas;66;MBI23;E20;Economy;18.1
Sarah;79;MBI23;F11;Economy;7.5
Sarah;45;MBI23;F2;Economy;22.7
Anna;18;MBI23;C2;Economy;31.8
William;77;MBI23;F30;Economy;21.2
Oliver;34;MBI23;F5;Economy;28.9
Sebastian;71;MBI23;C23;Economy;12.5
Mia;36;MBI23;F29;Economy;15.0
Sophia;62;MBI23;C21;Economy;32.3
Julia;18;MBI23;B17;Economy;25.1
Oliver;85;MBI23;B24;Economy;28.8
Mia;76;MBI23;C19;Economy;7.2
Oliver;15;MBI23;A32;Economy;30.2
Julia;68;MBI23;C16;Economy;6.7
David;27;MBI23;A28;Economy;23.5
William;62;MBI23;F15;Economy;4.7
William;40;MBI23;B5;Economy;32.7
Joshua;38;MBI23;B4;Economy;21.5
Andrew;10;MBI23;E15;Economy;16.0
Julia;83;MBI23;F9;Economy;3.4
Benjamin;70;MBI23;A30;Economy;12.6
Sarah;43;MBI23;B32;Economy;24.4
Andrew;33;MBI23;C29;Economy;16.0
Micheal;33;MBI23;B32;Economy;21.2
Mateo;67;MBI23;C19;Economy;17.6
Aurora;63;MBI23;B7;Economy;4.8
Daniel;6;MBI23;B19;Economy;12.5
Sophia;19;MBI23;B27;Economy;13.4
Benjamin;23;MBI23;F1;Economy;6.0
Mateo;21;MBI23;F23;Economy;22.2
Daniel;53;MBI23;E23;Economy;27.0
Lucas;62;MBI23;E14;Economy;18.3
Oliver;41;MBI23;D5;Economy;23.0
Thomas;78;MBI23;A23;Economy;20.6
Liam;31;MBI23;A14;Economy;12.2
Joshua;81;MBI23;A26;Economy;18.9
Alexander;1;MBI23;E15;Economy;6.2
Sarah;23;MBI23;D18;Economy;19.9
Lucas;19;MBI23;B17;Economy;15.0
Sebastian;69;MBI23;B24;Economy;19.0
Sebastian;47;MBI23;C20;Economy;6.4
Alexander;23;MBI23;C8;Economy;15.8
Mia;20;MBI23;E12;Economy;27.9
Aurora;48;MBI23;F19;Economy;23.2
Sarah;17;MBI23;F14;Economy;1.9
Lucas;7;MBI23;A12;Economy;12.7
Sebastian;7;MBI23;B32;Economy;5.2
Aurora;37;MBI23;C18;Economy;28.7
Lucas;37;MBI23;C2;Economy;17.9
Andrew;80;MBI23;D2;Economy;7.3
William;17;MBI23;C13;Economy;9.7
Mia;66;MBI23;A7;Economy;21.5
Anna;25;MBI23;F2;Economy;8.8
Micheal;46;MBI23;A13;Economy;6.8
Mia;38;MBI23;D12;Economy;30.6
Alexander;83;MBI23;D23;Economy;16.1
Sarah;21;MBI23;B7;Economy;15.7
David;81;MBI23;F1;Economy;25.6
Aurora;82;MBI23;B10;Economy;12.4
Joshua;26;MBI23;A20;Economy;5.6
Mateo;37;MBI23;A27;Economy;20.4
Sophia;72;MBI23;A4;Economy;23.3
Sarah;20;MBI23;A27;Economy;27.0
Sarah;81;MBI23;C3;Economy;2.1
Oliver;23;MBI23;B2;Economy;27.0
William;80;MBI23;F6;Economy;28.6
Sophia;56;MBI23;C29;Economy;11.0
Lucas;48;MBI23;A25;Economy;19.8
Lucas;35;MBI23;C20;Economy;15.5
Liam;25;MBI23;C15;Economy;16.6
Sarah;77;MBI23;B2;Economy;21.4
Sarah;21;MBI23;A21;Economy;23.9
Lucas;73;MBI23;A16;Economy;9.8
Sebastian;83;MBI23;F9;Economy;19.7
Oliver;74;MBI23;D25;Economy;12.1
Joshua;67;MBI23;E1;Economy;15.2
Sebastian;83;MBI23;E8;Economy;13.4
Liam;53;MBI23;D1;Economy;16.2
Mia;38;MBI23;E19;Economy;19.3
Lucas;78;MBI23;D12;Economy;19.4
Mia;67;MBI23;F14;Economy;15.7
Lucas;17;MBI23;C5;Economy;17.0
Sebastian;64;MBI23;E11;Economy;26.3
Anna;33;MBI23;C32;Economy;12.0
William;66;MBI23;A6;Economy;30.4
Andrew;64;MBI23;D27;Economy;12.9
Daniel;54;MBI23;E23;Economy;5.8
Joshua;83;MBI23;B5;Economy;10.2
Micheal;79;MBI23;F12;Economy;2.0
David;59;MBI23;F2;Economy;14.4
Joshua;77;MBI23;A11;Economy;6.6
Andrew;76;MBI23;E20;Economy;16.3
Joshua;31;MBI23;A31;Economy;10.7
Oliver;81;MBI23;D21;Economy;6.5
Benjamin;13;MBI23;F28;Economy;28.0
Julia;53;MBI23;E14;Economy;21.7
Joshua;38;MBI23;F15;Economy;4.7
Mateo;50;MBI23;A15;Economy;7.1
William;12;MBI23;B20;Economy;6.9
David;70;MBI23;B22;Economy;17.8
Andrew;19;MBI23;C19;Economy;27.2
Mateo;56;MBI23;D16;Economy;28.7
David;16;MBI23;A32;Economy;4.7
Lucas;7;MBI23;D15;Economy;16.6
David;43;MBI23;F16;Economy;20.2
Liam;79;MBI23;C18;Economy;14.7
Micheal;38;MBI23;F4;Economy;31.4
Julia;28;MBI23;F3;Economy;27.4
Oliver;36;MBI23;A14;Economy;2.5
Mia;32;MBI23;E11;Economy;11.6
David;45;MBI23;B2;Economy;9.3
Oliver;46;MBI23;F1;Economy;21.4
Andrew;55;MBI23;C16;Economy;10.4
Julia;24;MBI23;B29;Economy;19.6
Joshua;76;MBI23;C16;Economy;16.0
Sarah;12;MBI23;E19;Economy;28.2
William;25;MBI23;C19;Economy;17.6
Aurora;75;MBI23;C29;Economy;14.4
Mateo;23;MBI23;C16;Economy;28.8
Sebastian;17;MBI23;C23;Economy;5.9
Oliver;48;MBI23;C15;Economy;18.4
Micheal;32;MBI23;D31;Economy;5.9
Oliver;72;MBI23;E12;Economy;17.9
William;13;MBI23;D17;Economy;16.6
Sebastian;4;MBI23;F12;Economy;28.7
Oliver;32;MBI23;C14;Economy;21.8
Andrew;46;MBI23;C6;Economy;7.9
Oliver;72;MBI23;B11;Economy;12.2
Micheal;36;MBI23;C3;Economy;19.7
Oliver;18;MBI23;D5;Economy;3.4
Julia;47;MBI23;D24;Economy;31.5
Anna;69;MBI23;A17;Economy;8.9
Lucas;74;MBI23;C19;Economy;12.5
Daniel;47;MBI23;C28;Economy;12.2
Andrew;14;MBI23;D23;Economy;6.2
Thomas;18;MBI23;A32;Economy;10.4
David;9;MBI23;D16;Economy;5.1
Julia;72;MBI23;C22;Economy;16.6
Sarah;19;MBI23;C12;Economy;24.7
Julia;50;MBI23;E27;Economy;2.8
David;40;MBI23;B14;Economy;4.7
Daniel;1;MBI23;D10;Economy;4.6
Andrew;10;MBI23;C30;Economy;15.1
David;82;MBI23;C29;Economy;28.9
Aurora;59;MBI23;B19;Economy;21.4
Daniel;21;MBI23;D17;Economy;2.5
Liam;7;MBI23;F10;Economy;21.6
William;54;MBI23;C22;Economy;13.8
Thomas;6;MBI23;C25;Economy;29.0
Alexander;46;MBI23;F19;Economy;18.5
Mia;68;MBI23;C30;Economy;26.0
Joshua;40;MBI23;A23;Economy;3.0
Joshua;71;MBI23;E19;Economy;20.8
Julia;41;II23;A8;Economy;6.5
Benjamin;2;II23;D5;Economy;14.8
Lucas;66;II23;D31;Economy;8.2
Thomas;27;II23;A12;Economy;24.0
Aurora;69;II23;C22;Economy;27.7
Sebastian;18;II23;F7;Economy;20.2
Anna;70;II23;A15;Economy;23.7
Anna;14;II23;C3;Economy;9.6
Daniel;65;II23;E20;Economy;2.6
Liam;41;II23;C1;Economy;19.9
Andrew;2;II23;C13;Economy;11.3
Aurora;40;II23;C31;Economy;4.7
Anna;78;II23;B9;Economy;3.6
Daniel;39;II23;B28;Economy;3.0
Andrew;7;II23;F25;Economy;31.0
Sarah;58;II23;A29;Economy;28.3
David;64;II23;B21;Economy;28.2
Daniel;86;II23;B32;Economy;16.2
Andrew;19;II23;F6;Economy;3.1
Oliver;3;II23;B32;Economy;27.4
Aurora;57;II23;B20;Economy;16.6
Sarah;12;II23;D9;Economy;24.2
Mia;55;II23;D7;Economy;25.8
Mateo;79;II23;E31;Economy;30.2
Sebastian;6;II23;A22;Economy;14.3
Daniel;20;II23;E9;Economy;3.0
Micheal;23;II23;A32;Economy;2.7
William;32;II23;F26;Economy;27.0
Alexander;45;II23;E26;Economy;19.5
Sophia;20;II23;F24;Economy;19.3
Joshua;38;II23;B2;Economy;6.1
Andrew;49;II23;C13;Economy;5.8
Benjamin;40;II23;F7;Economy;28.7
Daniel;22;II23;A30;Economy;10.8
Sarah;82;II23;B3;Economy;4.9
Benjamin;43;II23;A13;Economy;20.3
Daniel;84;II23;F6;Economy;29.2
Daniel;30;II23;C11;Economy;26.5
Benjamin;48;II23;B12;Economy;11.7
Sarah;57;II23;F5;Economy;10.4
David;38;II23;E8;Economy;12.9
Oliver;64;II23;E29;Economy;14.4
Mateo;40;II23;A24;Economy;26.0
Joshua;34;II23;A23;Economy;18.1
Sarah;19;II23;A28;Economy;22.9
Oliver;17;II23;E14;Economy;15.6
Thomas;33;II23;F23;Economy;25.1
Sebastian;55;II23;A32;Economy;2.4
Liam;54;II23;E12;Economy;21.9
Sebastian;50;II23;A30;Economy;11.4
Aurora;44;II23;C2;Economy;22.2
Mateo;90;II23;E27;Economy;24.0
Alexander;69;II23;D30;Economy;15.0
David;3;II23;D7;Economy;25.7
Micheal;22;II23;F19;Economy;27.2
Sebastian;74;II23;A19;Economy;21.0
Mia;44;II23;D24;Economy;21.4
Sarah;80;II23;E3;Economy;12.4
Sarah;19;II23;B4;Economy;28.2
Sophia;23;II23;A22;Economy;26.6
Alexander;87;II23;B1;Economy;3.0
Alexander;69;II23;A23;Economy;14.0
Liam;16;II23;E14;Economy;20.1
Lucas;82;II23;F14;Economy;30.4
Joshua;78;II23;B3;Economy;6.1
Sophia;25;II23;F15;Economy;20.3
Alexander;58;II23;B26;Economy;23.0
Julia;17;II23;B21;Economy;23.9
Joshua;72;II23;D3;Economy;22.7
Liam;82;II23;E3;Economy;5.3
Sarah;6;II23;F9;Economy;13.0
Anna;29;II23;E14;Economy;28.8
Andrew;21;II23;A20;Economy;31.4
Liam;89;II23;A30;Economy;13.3
Micheal;2;II23;E23;Economy;23.9
Daniel;48;II23;E32;Economy;13.0
Mateo;82;II23;F3;Economy;4.2
Thomas;14;II23;D8;Economy;29.0
Aurora;48;II23;B25;Economy;11.4
David;78;II23;E6;Economy;5.0
Micheal;85;II23;B21;Economy;30.1
Daniel;90;II23;D24;Economy;17.9
Alexander;43;II23;E8;Economy;18.7
Sophia;45;II23;D31;Economy;20.4
William;1;II23;D17;Economy;24.8
Andrew;45;II23;B15;Economy;25.8
Sebastian;23;II23;E31;Economy;12.0
Alexander;34;II23;E22;Economy;5.3
Thomas;4;II23;C18;Economy;13.5
Julia;24;II23;B25;Economy;9.0
Joshua;85;II23;E5;Economy;19.0
Aurora;44;II23;B29;Economy;3.2
Joshua;8;II23;A20;Economy;4.0
Aurora;60;II23;E10;Economy;27.1
Lucas;25;II23;B17;Economy;20.9
Andrew;60;II23;C25;Economy;4.0
Benjamin;24;II23;E10;Economy;11.8
Aurora;41;II23;E9;Economy;30.0
Liam;60;II23;D32;Economy;32.2
Thomas;40;II23;F5;Economy;16.2
Thomas;73;II23;A11;Economy;16.8
Sebastian;61;II23;D27;Economy;23.6
Daniel;14;II23;C6;Economy;18.9
Alexander;51;II23;D17;Economy;9.1
Benjamin;7;II23;E30;Economy;29.2
Mia;15;II23;D14;Economy;13.7
Alexander;17;II23;C20;Economy;6.9
Liam;7;II23;E28;Economy;7.9
Andrew;12;II23;D19;Economy;11.4
Mateo;2;II23;B16;Economy;14.6
Oliver;30;II23;B11;Economy;6.8
Thomas;17;II23;A13;Economy;3.2
Oliver;39;II23;F21;Economy;11.8
Joshua;88;II23;B10;Economy;23.1
Daniel;11;II23;D3;Economy;29.6
Sarah;87;II23;C7;Economy;11.3
Micheal;77;II23;C15;Economy;19.2
Joshua;90;II23;A9;Economy;17.0
Andrew;21;II23;E17;Economy;22.3
Aurora;51;II23;D29;Economy;4.8
Julia;80;II23;E21;Economy;6.5
Julia;45;II23;A15;Economy;22.1
Liam;54;II23;E8;Economy;23.0
Sophia;68;II23;E20;Economy;28.0
Andrew;11;II23;B18;Economy;23.6
Julia;65;II23;C7;Economy;28.9
Alexander;48;II23;A1;Economy;17.1
Alexander;4;II23;E8;Economy;28.2
Lucas;42;II23;D11;Economy;8.7
Lucas;2;II23;E32;Economy;21.7
Sophia;38;II23;E18;Economy;7.4
Julia;31;II23;D12;Economy;10.5
Alexander;60;II23;A15;Economy;24.9
Micheal;41;II23;F12;Economy;18.2
Liam;50;II23;A24;Economy;17.8
Alexander;64;II23;D25;Economy;21.8
Lucas;41;II23;B23;Economy;15.2
Oliver;12;II23;D20;Economy;25.2
Julia;15;II23;F22;Economy;20.1
Anna;39;II23;C17;Economy;14.6
Mateo;55;II23;B15;Economy;21.8
David;88;II23;D32;Economy;3.1
Thomas;90;II23;E32;Economy;29.0
Daniel;16;II23;B6;Economy;7.5
Liam;66;II23;E22;Economy;26.2
Thomas;82;II23;F16;Economy;18.9
William;78;II23;C29;Economy;19.2
Mateo;86;II23;F30;Economy;19.4
Liam;77;II23;F17;Economy;30.9
Oliver;21;II23;C30;Economy;15.6
Benjamin;52;II23;A7;Economy;23.8
Daniel;87;II23;A29;Economy;6.1
Lucas;31;II23;A11;Economy;12.3
Thomas;86;II23;C11;Economy;19.6
Aurora;70;II23;C11;Economy;2.4
Benjamin;36;II23;B7;Economy;9.0
Liam;63;II23;F12;Economy;6.9
Aurora;43;II23;D15;Economy;22.0
Sophia;64;II23;D31;Economy;17.2
Liam;50;II23;D30;Economy;19.7
Daniel;84;II23;A18;Economy;11.8
David;48;II23;A19;Economy;12.6
Micheal;88;II23;D13;Economy;11.3
Micheal;11;II23;C30;Economy;5.3
Liam;15;II23;C9;Economy;7.5
Anna;57;II23;A21;Economy;22.1
Julia;44;II23;B32;Economy;15.1
Sophia;13;II23;C5;Economy;24.4
Joshua;66;II23;D32;Economy;26.5
Mia;66;II23;E2;Economy;31.7
Oliver;54;II23;F10;Economy;31.9
David;7;II23;C16;Economy;3.3
Julia;31;II23;E17;Economy;10.2
Lucas;71;II23;F29;Economy;4.5
Oliver;2;II23;C19;Economy;21.3
Micheal;72;II23;F5;Economy;19.6
Benjamin;76;II23;A13;Economy;31.8
Micheal;46;II23;B22;Economy;4.1
Sebastian;40;II23;D22;Economy;25.9
Julia;66;II23;E28;Economy;31.5
Sebastian;2;II23;C6;Economy;11.6
Benjamin;29;II23;C24;Economy;5.3
Oliver;58;II23;B3;Economy;13.7
Mateo;30;II23;A5;Economy;5.2
David;30;II23;D31;Economy;2.0
Micheal;76;II23;B13;Economy;5.6
Anna;54;II23;A5;Economy;26.5
Oliver;6;II23;D32;Economy;5.9
Mateo;43;II23;B13;Economy;30.3
Thomas;74;II23;A29;Economy;28.9
Anna;34;II23;A7;Economy;24.6
Mia;46;II23;E1;Economy;17.5
Mia;76;II23;A31;Economy;26.4
Liam;88;II23;E2;Economy;8.6
Sarah;2;II23;F32;Economy;20.4
Mateo;42;II23;E26;Economy;21.8
David;23;II23;D27;Economy;31.3
Thomas;10;II23;B1;Economy;25.9
Oliver;56;II23;D7;Economy;29.8
Anna;5;II23;A10;Economy;5.3
Sarah;41;II23;D11;Economy;7.7
Anna;37;II23;C31;Economy;17.0
Anna;62;II23;A21;Economy;12.1
Micheal;75;II23;A21;Economy;15.6
Julia;63;II23;B4;Economy;11.4
Daniel;40;II23;C18;Economy;2.8
Daniel;82;II23;F11;Economy;14.3
Micheal;33;II23;E21;Economy;24.9
Oliver;68;II23;F13;Economy;7.7
Oliver;79;II23;F9;Economy;29.9
Sarah;50;II23;C15;Economy;12.5
Thomas;62;II23;C8;Economy;23.9
Liam;39;II23;E1;Economy;29.1
Andrew;20;II23;B20;Economy;9.8
Micheal;77;II23;A12;Economy;17.7
Daniel;8;II23;B1;Economy;26.0
Julia;43;II23;E25;Economy;4.8
Mateo;15;II23;B15;Economy;24.0
Sebastian;56;II23;C5;Economy;12.1
Lucas;48;II23;C23;Economy;32.1
Mateo;42;II23;F32;Economy;26.2
Daniel;33;II23;D29;Economy;4.1
Liam;40;II23;A25;Economy;9.8
Lucas;64;II23;D23;Economy;4.0
Anna;2;II23;F24;Economy;18.8
Lucas;32;II23;C22;Economy;20.9
Julia;1;II23;A15;Economy;32.5
Lucas;72;II23;F8;Economy;8.5
Daniel;35;II23;E11;Economy;26.4
Benjamin;57;II23;E28;Economy;5.2
Lucas;7;II23;B16;Economy;29.8
Sebastian;55;II23;A16;Economy;12.0
Lucas;82;II23;A29;Economy;24.4
Sarah;79;II23;A31;Economy;31.0
Benjamin;89;II23;F28;Economy;4.2
Julia;9;II23;B21;Economy;11.3
Anna;51;II23;C5;Economy;7.6
Andrew;3;II23;C4;Economy;18.6
Joshua;13;II23;B9;Economy;2.7
Benjamin;10;II23;E28;Economy;21.5
Thomas;22;II23;E26;Economy;5.9
Alexander;39;II23;D29;Economy;29.6
Aurora;20;II23;B19;Economy;2.0
Thomas;53;II23;B6;Economy;11.3
Mia;75;II23;D1;Economy;26.0
Sarah;73;II23;F16;Economy;21.8
Julia;21;II23;A6;Economy;18.4
Anna;49;II23;B13;Economy;24.0
Alexander;78;II23;C16;Economy;10.0
Anna;19;II23;F12;Economy;32.3
Liam;7;II23;D17;Economy;12.2
David;5;II23;A15;Economy;13.9
Julia;50;II23;F24;Economy;7.5
Aurora;51;II23;A22;Economy;12.7
David;83;II23;E23;Economy;3.6
Sarah;5;II23;D4;Economy;22.2
David;24;II23;D23;Economy;20.1
Andrew;87;II23;A20;Economy;21.6
Mateo;88;II23;D23;Economy;20.6
Sebastian;22;II23;B23;Economy;11.1
William;48;II23;A27;Economy;8.1
Sarah;26;II23;E29;Economy;17.0
Lucas;56;II23;E19;Economy;11.0
Daniel;89;II23;F24;Economy;8.2
Lucas;78;II23;C13;Economy;18.1
Sarah;84;II23;A17;Economy;9.1
Daniel;30;II23;F30;Economy;3.5
Liam;88;II23;B9;Economy;22.6
Sebastian;80;II23;A10;Economy;21.4
Andrew;57;II23;C15;Economy;32.3
Alexander;24;II23;A1;Economy;17.2
Sebastian;45;II23;C2;Economy;5.8
Thomas;55;II23;F19;Economy;23.5
Daniel;30;II23;C16;Economy;29.4
Joshua;73;II23;F22;Economy;19.9
David;55;II23;C4;Economy;16.3
Anna;51;II23;F3;Economy;21.4
Oliver;33;II23;D5;Economy;26.8
Alexander;73;II23;E14;Economy;4.8
Oliver;44;II23;F24;Economy;11.5
William;50;II23;C3;Economy;28.1
Daniel;29;II23;A3;Economy;9.7
Thomas;45;II23;E16;Economy;25.3
Anna;10;II23;F1;Economy;21.8
Andrew;49;II23;B15;Economy;18.6
Andrew;70;II23;C32;Economy;28.8
Sarah;91;II23;C6;Economy;11.3
Sophia;46;II23;F5;Economy;28.7
Lucas;40;II23;D22;Economy;29.1
Daniel;17;II23;B5;Economy;7.3
Sebastian;4;II23;C1;Economy;14.7
Aurora;1;II23;D15;Economy;23.7
Mateo;70;II23;C31;Economy;6.6
Sebastian;6;II23;F1;Economy;20.1
Joshua;87;II23;C2;Economy;19.6
Mia;26;II23;A19;Economy;14.0
Mateo;29;II23;C1;Economy;23.6
Andrew;63;II23;E14;Economy;13.8
Andrew;59;II23;E6;Economy;26.1
Sarah;68;II23;A30;Economy;7.0
Sebastian;22;II23;B25;Economy;2.4
Mateo;6;II23;A14;Economy;8.1
Andrew;31;II23;F17;Economy;24.2
Mateo;48;II23;A32;Economy;2.4
Anna;44;II23;D23;Economy;27.5
Benjamin;15;II23;A32;Economy;17.1
Mateo;84;II23;E24;Economy;3.9
Lucas;50;II23;D31;Economy;19.3
Anna;4;II23;A25;Economy;31.6
Anna;84;II23;E25;Economy;6.4
Alexander;71;II23;A10;Economy;15.5
Sophia;66;II23;B12;Economy;25.5
Joshua;90;II23;E27;Economy;6.8
Joshua;20;II23;C28;Economy;25.0
Julia;4;II23;A9;Economy;7.4
Lucas;50;II23;A5;Economy;8.2
Sebastian;66;II23;F25;Economy;8.2
Liam;77;II23;B17;Economy;9.7
Andrew;65;II23;E26;Economy;3.9
David;81;II23;D28;Economy;26.6
William;35;II23;B15;Economy;23.2
Mateo;11;II23;B27;Economy;20.3
David;48;II23;A10;Economy;16.2
Andrew;17;II23;C7;Economy;25.5
Liam;44;II23;F4;Economy;12.5
Mateo;35;II23;C18;Economy;17.0
Oliver;59;II23;C4;Economy;5.7
David;2;II23;D30;Economy;2.5
Liam;69;II23;D7;Economy;31.1
Micheal;76;II23;E19;Economy;17.3
Sebastian;16;II23;C25;Economy;2.5
Sebastian;60;II23;E1;Economy;21.8
Liam;17;II23;E5;Economy;11.1
Thomas;54;II23;B11;Economy;10.5
Mia;27;II23;A31;Economy;2.3
Sophia;89;II23;E26;Economy;4.4
David;73;II23;C4;Economy;18.4
Liam;19;II23;F17;Economy;15.7
Mateo;70;II23;B31;Economy;4.2
Mateo;19;II23;A10;Economy;19.9
Daniel;67;II23;D17;Economy;21.4
William;21;II23;B3;Economy;15.6
Julia;29;II23;A8;Economy;4.1
David;7;II23;B5;Economy;16.8
Aurora;43;II23;C32;Economy;17.4
Benjamin;26;II23;F27;Economy;30.3
Sarah;2;II23;C15;Economy;7.1
Julia;16;II23;A16;Economy;30.0
Mateo;28;II23;A6;Economy;3.0
Benjamin;75;II23;D3;Economy;1.9
Liam;61;II23;B26;Economy;8.9
Lucas;84;II23;C13;Economy;15.6
Aurora;38;II23;E19;Economy;14.8
Benjamin;76;II23;C25;Economy;14.2
Micheal;42;II23;E31;Economy;15.7
Anna;65;II23;A15;Economy;12.7
Oliver;50;II23;E30;Economy;20.8
Aurora;46;II23;B4;Economy;2.6
David;73;II23;E8;Economy;8.6
William;8;II23;B32;Economy;9.0
Sarah;76;II23;F18;Economy;19.0
Lucas;42;II23;F6;Economy;6.5
David;68;II23;B5;Economy;29.3
Anna;33;II23;C27;Economy;24.3
Daniel;9;II23;A2;Economy;20.1
Sebastian;40;II23;D25;Economy;11.0
Liam;44;II23;B8;Economy;11.3
Liam;70;II23;B28;Economy;27.8
Micheal;14;II23;F5;Economy;29.9
Sarah;36;II23;A28;Economy;32.0
Liam;33;II23;B13;Economy;4.5
Micheal;25;II23;F8;Economy;30.9
Andrew;55;II23;B10;Economy;13.7
Julia;29;II23;F1;Economy;5.3
Micheal;91;II23;B27;Economy;21.0
Sebastian;14;II23;A26;Economy;12.1
William;6;II23;F32;Economy;28.6
Julia;33;II23;F10;Economy;31.3
Benjamin;87;II23;F10;Economy;14.6
Julia;27;II23;E27;Economy;8.8
Joshua;57;II23;D2;Economy;13.5
Alexander;9;II23;B8;Economy;7.6
Sarah;22;II23;E5;Economy;14.6
Julia;28;II23;E17;Economy;4.6
Mia;60;II23;C3;Economy;12.3
William;85;II23;C11;Economy;7.6
Joshua;81;II23;C13;Economy;22.5
Mateo;31;II23;F12;Economy;21.6
Thomas;82;II23;F2;Economy;13.2
Anna;58;II23;A25;Economy;10.5
Micheal;79;II23;E11;Economy;17.0
Sarah;81;II23;B31;Economy;6.5
Liam;54;II23;E28;Economy;21.4
Sebastian;53;II23;C19;Economy;11.1
Liam;18;II23;B27;Economy;21.0
Alexander;12;II23;E11;Economy;1.8
William;88;II23;A32;Economy;8.3
Lucas;41;II23;D12;Economy;28.7
Joshua;59;II23;D13;Economy;11.3
Liam;64;II23;F27;Economy;13.5
Mateo;81;II23;A7;Economy;10.3
Thomas;43;II23;F22;Economy;26.1
Benjamin;38;II23;F12;Economy;22.5
Lucas;60;II23;C6;Economy;19.2
Micheal;30;II23;C31;Economy;4.2
David;41;II23;D27;Economy;19.4
Liam;43;II23;C29;Economy;26.8
Oliver;87;II23;C8;Economy;32.1
Mia;78;II23;A7;Economy;24.7
Thomas;51;II23;E21;Economy;6.0
Andrew;55;II23;B23;Economy;30.8
Lucas;12;II23;C7;Economy;14.4
Oliver;30;II23;C5;Economy;18.6
Daniel;47;II23;D21;Economy;5.3
David;59;II23;B8;Economy;12.8
Sarah;21;II23;F27;Economy;5.3
Sarah;36;II23;B20;Economy;24.8
Micheal;11;II23;C25;Economy;31.1
William;3;II23;B28;Economy;15.9
Mateo;79;II23;C22;Economy;14.7
Aurora;31;II23;C28;Economy;5.3
Andrew;43;II23;C17;Economy;5.0
Sophia;4;II23;D4;Economy;8.1
Aurora;20;II23;E4;Economy;24.6
Aurora;89;II23;F20;Economy;9.9
Daniel;91;II23;A16;Economy;32.1
Liam;34;II23;B15;Economy;17.8
Sarah;88;II23;F5;Economy;13.5
Daniel;64;II23;B2;Economy;26.0
Anna;88;II23;E3;Economy;27.2
Alexander;90;II23;A19;Economy;10.7
Thomas;43;II23;B18;Economy;30.7
Julia;35;II23;F9;Economy;7.9
Andrew;65;II23;C21;Economy;22.7
Alexander;17;II23;A4;Economy;32.5
Mia;57;II234;D14;Economy;11.6
Joshua;73;II234;B27;Economy;11.0
Lucas;15;II234;A12;Economy;8.1
Thomas;29;II234;E20;Economy;17.8
Sarah;32;II234;B15;Economy;11.8
Benjamin;88;II234;A30;Economy;29.5
Oliver;79;II234;C5;Economy;6.1
Liam;76;II234;E22;Economy;20.0
Sarah;28;II234;E3;Economy;15.6
Sarah;29;II234;F17;Economy;5.9
William;57;II234;D21;Economy;13.1
Sebastian;29;II234;D26;Economy;6.0
Daniel;60;II234;C32;Economy;15.8
Alexander;74;II234;B1;Economy;2.4
Mateo;76;II234;E30;Economy;12.2
Benjamin;52;II234;E1;Economy;29.9
Mia;10;II234;F32;Economy;32.6
Mateo;40;II234;B6;Economy;22.6
Thomas;49;II234;A13;Economy;22.9
Julia;20;II234;D14;Economy;25.3
Micheal;18;II234;B23;Economy;8.4
Sebastian;38;II234;A4;Economy;29.3
Sebastian;16;II234;E19;Economy;29.2
Lucas;35;II234;C20;Economy;22.9
Liam;18;II234;B21;Economy;18.6
David;86;II234;F23;Economy;24.4
Mateo;11;II234;F29;Economy;7.7
Mia;58;II234;A25;Economy;23.0
Aurora;92;II234;D3;Economy;11.6
Lucas;90;II234;E16;Economy;10.5
Micheal;58;II234;D15;Economy;9.5
Daniel;25;II234;D26;Economy;18.7
Joshua;12;II234;B11;Economy;31.5
Liam;63;II234;B28;Economy;17.5
Mia;14;II234;A23;Economy;29.0
Aurora;49;MBI24;B4;Economy;4.5
Sebastian;76;MBI24;F7;Economy;6.5
Joshua;45;MBI24;F22;Economy;11.6
Sophia;56;MBI24;D15;Economy;20.0
Alexander;1;MBI24;C5;Economy;23.4
Thomas;54;MBI24;E31;Economy;25.5
Micheal;68;MBI24;C32;Economy;4.5
Aurora;16;MBI24;E32;Economy;19.6
Alexander;19;MBI24;E26;Economy;14.9
Joshua;25;MBI24;B16;Economy;7.3
Daniel;14;MBI24;D13;Economy;27.4
Sebastian;47;MBI24;B13;Economy;19.1
Alexander;55;MBI24;A20;Economy;7.1
Andrew;62;MBI24;A27;Economy;29.5
Andrew;54;MBI24;E32;Economy;15.8
Anna;57;MBI24;B18;Economy;8.1
William;34;MBI24;E24;Economy;28.7
David;11;MBI24;F30;Economy;24.9
Sarah;52;MBI24;D5;Economy;30.7
Sarah;31;MBI24;E26;Economy;18.1
Micheal;2;MBI24;D4;Economy;28.8
William;81;MBI24;F23;Economy;5.6
Oliver;3;MBI24;C21;Economy;15.1
Lucas;1;MBI24;F6;Economy;16.2
Aurora;39;MBI24;C29;Economy;29.5
Liam;77;MBI24;C22;Economy;32.3
Sebastian;21;MBI24;C5;Economy;32.1
Mateo;29;MBI24;B30;Economy;16.1
Sebastian;2;MBI24;C22;Economy;13.0
Sarah;82;MBI24;A17;Economy;13.6
Aurora;60;MBI24;F30;Economy;25.0
Thomas;75;MBI24;A31;Economy;2.3
Lucas;85;MBI24;E19;Economy;3.2
Joshua;41;MBI24;A20;Economy;4.4
Sarah;24;MBI24;D1;Economy;3.6
David;37;MBI24;A24;Economy;24.2
Liam;38;MBI24;F27;Economy;5.2
Micheal;16;MBI24;F26;Economy;4.4
Julia;21;MBI24;A1;Economy;16.3
Micheal;63;MBI24;D1;Economy;7.1
Julia;20;MBI24;D17;Economy;6.9
Mateo;5;MBI24;B23;Economy;18.9
Thomas;4;MBI24;D5;Economy;22.0
David;51;MBI24;B6;Economy;19.4
Joshua;6;MBI24;C17;Economy;21.0
William;75;MBI24;B20;Economy;9.2
William;64;MBI24;A3;Economy;28.7
Benjamin;61;MBI24;D23;Economy;5.0
Andrew;62;MBI24;E5;Economy;12.5
Joshua;60;MBI24;C5;Economy;23.6
Joshua;24;MBI24;D7;Economy;2.2
David;75;MBI24;A1;Economy;15.4
Daniel;20;MBI24;A9;Economy;28.7
Sebastian;72;MBI24;E18;Economy;32.4
Mia;45;MBI24;C17;Economy;29.2
Anna;69;MBI24;C20;Economy;23.5
Sophia;55;MBI24;B26;Economy;16.2
Mia;11;MBI24;D6;Economy;23.2
Julia;71;MBI24;F26;Economy;15.7
Benjamin;12;MBI24;D4;Economy;27.6
Mateo;85;MBI24;F24;Economy;21.1
Benjamin;44;MBI24;D24;Economy;29.5
Sarah;3;MBI24;C6;Economy;29.5
William;85;MBI24;F2;Economy;18.8
Sebastian;70;MBI24;A6;Economy;25.1
Lucas;2;MBI24;D14;Economy;11.7
Benjamin;69;MBI24;F14;Economy;12.3
Liam;25;MBI24;F12;Economy;18.4
Thomas;40;MBI24;F16;Economy;13.7
Sophia;6;MBI24;A32;Economy;31.7
Anna;34;MBI24;C20;Economy;13.8
Benjamin;5;MBI24;D15;Economy;21.3
Liam;53;MBI24;D15;Economy;32.7
Liam;77;MBI24;D3;Economy;24.0
Alexander;74;MBI24;F19;Economy;28.9
Sebastian;31;MBI24;A29;Economy;28.3
Liam;71;MBI24;A5;Economy;22.1
Anna;31;MBI24;F4;Economy;23.8
William;22;MBI24;E23;Economy;14.0
Sophia;66;MBI24;E23;Economy;20.7
Benjamin;33;MBI24;C22;Economy;29.9
Benjamin;44;MBI24;C13;Economy;13.7
Benjamin;54;MBI24;C25;Economy;20.8
Oliver;85;MBI24;C7;Economy;27.3
Daniel;71;MBI24;E14;Economy;16.9
Oliver;27;MBI24;E8;Economy;3.8
Joshua;35;MBI24;B7;Economy;6.6
Micheal;2;MBI24;E1;Economy;22.3
Lucas;2;MBI24;C22;Economy;22.5
Andrew;53;MBI24;A1;Economy;32.4
Anna;54;MBI24;E29;Economy;18.4
David;43;MBI24;E23;Economy;15.7
Thomas;10;MBI24;F29;Economy;5.4
Sophia;73;MBI24;E6;Economy;23.0
Sophia;22;MBI24;A12;Economy;24.5
Anna;29;MBI24;B9;Economy;11.5
Alexander;2;MBI24;C28;Economy;9.4
Benjamin;55;MBI24;C1;Economy;17.9
Mia;36;MBI24;A3;Economy;6.1
William;17;MBI24;F9;Economy;2.0
Aurora;58;MBI24;D15;Economy;4.1
Sarah;15;MBI24;C9;Economy;6.8
Sophia;7;MBI24;D3;Economy;5.8
Anna;12;MBI24;F3;Economy;30.1
Sophia;84;MBI24;B10;Economy;13.5
Mia;73;MBI24;B24;Economy;27.7
Sebastian;49;MBI24;F18;Economy;4.8
Sebastian;25;MBI24;A31;Economy;17.7
Lucas;43;MBI24;A24;Economy;23.4
Andrew;9;MBI24;B18;Economy;11.9
Anna;85;MBI24;C20;Economy;16.1
Alexander;84;MBI24;E12;Economy;26.6
Aurora;21;MBI24;F5;Economy;28.0
Mateo;71;MBI24;E2;Economy;2.1
Joshua;38;MBI24;C27;Economy;12.0
David;21;MBI24;C12;Economy;9.4
Mia;42;MBI24;E31;Economy;18.6
Joshua;80;MBI24;C5;Economy;20.0
Anna;57;MBI24;C17;Economy;22.8
Julia;79;MBI24;F24;Economy;10.3
Alexander;50;MBI24;F19;Economy;16.9
Lucas;1;MBI24;D29;Economy;23.5
Julia;21;MBI24;B22;Economy;21.6
Sarah;77;MBI24;E14;Economy;18.4
Mateo;66;MBI24;A15;Economy;9.9
Sophia;77;MBI24;D16;Economy;25.8
William;77;MBI24;B3;Economy;8.1
Alexander;30;MBI24;B19;Economy;2.0
Lucas;36;MBI24;E21;Economy;25.5
William;56;MBI24;E19;Economy;20.8
Mateo;87;MBI24;A14;Economy;26.0
Daniel;2;MBI24;E27;Economy;20.3
Sarah;87;MBI24;C22;Economy;16.1
Alexander;73;MBI24;B15;Economy;32.7
Julia;27;MBI24;F4;Economy;19.8
David;36;MBI24;D26;Economy;8.3
Oliver;63;MBI24;B6;Economy;31.8
Mia;17;MBI24;B32;Economy;32.7
Benjamin;29;MBI24;E23;Economy;21.6
Sarah;28;MBI24;F4;Economy;23.1
Aurora;11;MBI24;A30;Economy;29.7
Alexander;57;MBI24;C6;Economy;26.5
Sarah;20;MBI24;D12;Economy;6.5
Aurora;19;MBI24;E11;Economy;9.1
David;50;MBI24;F8;Economy;18.5
Oliver;69;MBI24;D26;Economy;19.9
Joshua;48;MBI24;E13;Economy;22.1
Thomas;65;MBI24;C9;Economy;16.8
Benjamin;19;MBI24;D17;Economy;19.3
Mateo;72;MBI24;B22;Economy;13.1
Alexander;41;MBI24;A15;Economy;11.1
Sophia;86;MBI24;F2;Economy;6.9
Thomas;13;MBI24;A31;Economy;18.5
Benjamin;4;MBI24;B32;Economy;30.4
Julia;83;MBI24;D6;Economy;25.3
Sebastian;44;MBI24;C8;Economy;11.9
Anna;5;MBI24;E31;Economy;22.1
Sebastian;13;MBI24;F2;Economy;22.9
Sarah;79;MBI24;D24;Economy;24.2
Anna;14;MBI24;A2;Economy;32.6
Anna;8;MBI24;F13;Economy;12.9
Micheal;31;MBI24;E11;Economy;28.7
William;55;MBI24;D29;Economy;15.6
Mia;71;MBI24;C9;Economy;32.2
Sebastian;77;MBI24;E32;Economy;7.8
Mateo;2;MBI24;F10;Economy;20.0
Sebastian;49;MBI24;A10;Economy;16.0
Liam;45;MBI24;E27;Economy;24.5
Alexander;22;MBI24;A8;Economy;28.7
Alexander;68;MBI24;F19;Economy;13.6
Mateo;37;MBI24;E29;Economy;19.2
Mia;76;MBI24;E24;Economy;7.9
Liam;32;MBI24;D24;Economy;16.7
Mateo;49;MBI24;D25;Economy;31.5
Anna;12;MBI24;A29;Economy;30.1
Micheal;32;MBI24;C3;Economy;8.3
Thomas;47;MBI24;C7;Economy;17.2
Alexander;55;MBI24;A20;Economy;25.4
Lucas;67;MBI24;B3;Economy;8.5
Anna;30;MBI24;C4;Economy;12.7
Sophia;19;MBI24;F30;Economy;5.4
Oliver;85;MBI24;B29;Economy;32.3
Andrew;48;MBI24;B17;Economy;8.3
Daniel;47;MBI24;A16;Economy;22.5
Joshua;61;MBI24;D20;Economy;6.7
Joshua;19;MBI24;F26;Economy;32.0
Thomas;41;MBI24;C32;Economy;27.7
Sophia;71;MBI24;A27;Economy;31.1
Sarah;33;MBI24;C30;Economy;25.6
Daniel;29;MBI24;D19;Economy;13.4
David;17;MBI24;E28;Economy;4.5
Aurora;87;MBI24;C30;Economy;13.0
Micheal;75;MBI24;E5;Economy;4.5
David;62;MBI24;F30;Economy;7.6
Mia;80;MBI24;B26;Economy;19.3
Aurora;60;MBI24;E14;Economy;9.0
Lucas;49;MBI24;A1;Economy;18.9
Julia;40;MBI24;E27;Economy;17.7
Sarah;38;MBI24;A10;Economy;18.7
Daniel;23;MBI24;E31;Economy;2.8
William;53;MBI24;A30;Economy;16.9
Thomas;17;MBI24;F1;Economy;26.5
William;57;MBI24;E16;Economy;27.9
Sebastian;46;MBI24;F7;Economy;10.1
Lucas;73;MBI24;D12;Economy;4.6
Julia;70;MBI24;C6;Economy;24.2
Sarah;76;MBI24;E30;Economy;11.5
Alexander;58;MBI24;F16;Economy;32.1
Sophia;5;MBI24;A27;Economy;31.5
Sophia;73;MBI24;D3;Economy;30.4
Lucas;11;MBI24;D29;Economy;6.7
Micheal;54;MBI24;B17;Economy;24.3
Sophia;19;MBI24;B14;Economy;22.2
David;39;MBI24;D18;Economy;2.3
Mia;49;MBI24;A27;Economy;1.9
David;30;MBI24;C14;Economy;12.4
Julia;63;MBI24;F22;Economy;16.3
Julia;39;MBI24;C13;Economy;10.2
Aurora;77;MBI24;E7;Economy;12.4
David;57;MBI24;D23;Economy;6.8
William;43;MBI24;B10;Economy;20.1
Andrew;10;MBI24;D16;Economy;23.8
Aurora;15;MBI24;E26;Economy;19.9
William;86;MBI24;E30;Economy;21.7
William;8;MBI24;A27;Economy;17.4
Joshua;57;MBI24;D11;Economy;9.8
Oliver;32;MBI24;F25;Economy;15.4
Anna;32;MBI24;E17;Economy;12.7
Anna;20;MBI24;E4;Economy;31.9
Oliver;25;MBI24;A8;Economy;25.2
Aurora;44;MBI24;B4;Economy;20.4
Oliver;79;MBI24;A2;Economy;5.0
Alexander;81;MBI24;C29;Economy;9.9
Mateo;7;MBI24;A4;Economy;27.6
Oliver;9;MBI24;D20;Economy;5.5
Aurora;61;MBI24;E2;Economy;28.2
Andrew;2;MBI24;D5;Economy;12.2
Sophia;45;MBI24;A5;Economy;8.4
Andrew;75;MBI24;F20;Economy;4.4
Aurora;16;MBI24;B7;Economy;8.9
Joshua;39;MBI24;C4;Economy;26.8
Sophia;20;MBI24;E5;Economy;24.4
Joshua;1;MBI24;C6;Economy;21.7
Daniel;22;MBI24;D22;Economy;28.6
Julia;7;MBI24;D8;Economy;25.8
Lucas;31;MBI24;E21;Economy;11.6
William;73;MBI24;B30;Economy;12.6
Julia;31;MBI24;E10;Economy;8.5
Sebastian;72;MBI24;C28;Economy;31.0
Mateo;42;MBI24;E7;Economy;11.7
Micheal;2;MBI24;C27;Economy;4.2
Andrew;31;MBI24;E24;Economy;32.0
William;66;MBI24;F11;Economy;14.0
Thomas;24;MBI24;E13;Economy;18.8
Mateo;58;MBI24;C26;Economy;9.5
Anna;5;MBI24;A12;Economy;27.8
Julia;82;MBI24;B26;Economy;3.2
Liam;18;MBI24;E19;Economy;9.3
Lucas;18;MBI24;C13;Economy;27.4
Julia;24;MBI24;E23;Economy;32.3
Benjamin;65;MBI24;C27;Economy;30.4
Oliver;70;MBI24;F7;Economy;19.2
Anna;4;MBI24;C23;Economy;9.3
Andrew;77;MBI24;C28;Economy;15.2
Lucas;76;MBI24;F8;Economy;28.4
Aurora;20;MBI24;C18;Economy;15.3
Liam;64;MBI24;E18;Economy;11.3
Daniel;44;MBI24;C2;Economy;9.1
Julia;76;MBI24;A19;Economy;29.3
Daniel;79;MBI24;C18;Economy;18.3
Alexander;46;MBI24;B15;Economy;18.1
Micheal;52;MBI24;F11;Economy;15.4
David;21;MBI24;F15;Economy;16.4
Daniel;29;MBI24;D29;Economy;10.4
Anna;74;MBI24;F7;Economy;25.1
Aurora;65;MBI24;B2;Economy;29.9
Lucas;1;MBI24;F22;Economy;8.7
Liam;28;MBI24;E24;Economy;32.3
Julia;85;MBI24;D22;Economy;26.2
Mia;66;MBI24;E8;Economy;20.5
Alexander;69;MBI24;A17;Economy;7.9
Lucas;76;MBI24;A27;Economy;4.5
Andrew;20;MBI24;F11;Economy;12.4
Lucas;32;MBI24;B16;Economy;23.2
Andrew;67;MBI24;F21;Economy;3.6
Daniel;41;MBI24;B18;Economy;24.7
Alexander;64;MBI24;B24;Economy;20.9
William;55;II24;E25;Economy;20.8
Aurora;32;II24;C30;Economy;3.5
Julia;70;II24;B14;Economy;28.5
Anna;79;II24;C26;Economy;17.8
Thomas;8;II24;B12;Economy;31.7
Aurora;44;II24;D30;Economy;21.0
Alexander;85;II24;A23;Economy;11.1
Micheal;6;II24;B15;Economy;6.1
Micheal;82;II24;E24;Economy;26.6
Alexander;17;II24;B11;Economy;28.1
Sebastian;60;II24;F18;Economy;28.2
Mia;9;II24;E8;Economy;7.5
William;21;II24;E2;Economy;14.5
Lucas;77;II24;F30;Economy;5.4
Anna;78;II24;C28;Economy;31.8
Andrew;72;II24;A12;Economy;30.0
Andrew;22;II24;F9;Economy;22.8
Alexander;4;II24;A28;Economy;17.6
Liam;40;II24;C28;Economy;22.0
Daniel;4;II24;D3;Economy;19.7
Daniel;65;II24;F3;Economy;1.8
Lucas;6;II24;A31;Economy;11.7
Julia;72;II24;D29;Economy;7.1
Joshua;61;II24;D10;Economy;20.1
Mia;47;II24;E4;Economy;10.9
Sarah;42;II24;C26;Economy;4.7
Micheal;80;II24;E3;Economy;11.3
Thomas;27;II24;C21;Economy;6.2
Alexander;6;II24;E13;Economy;17.0
Micheal;4;II24;C11;Economy;5.2
Oliver;58;II24;D3;Economy;16.1
Benjamin;26;II24;F26;Economy;18.9
Andrew;55;II24;B30;Economy;21.2
Aurora;66;II24;B11;Economy;17.7
Sophia;21;II24;C13;Economy;15.4
Liam;33;II24;E28;Economy;10.5
Sophia;85;II24;E14;Economy;6.9
Micheal;19;II24;D7;Economy;4.4
Andrew;19;II24;F23;Economy;15.5
Anna;52;II24;B25;Economy;14.2
Joshua;53;II24;A5;Economy;19.3
Andrew;20;II24;A31;Economy;15.8
Andrew;75;II24;A13;Economy;19.8
Sarah;82;II24;B2;Economy;3.1
Micheal;32;II24;E21;Economy;13.2
Oliver;72;II24;B22;Economy;5.9
Thomas;8;II24;A4;Economy;32.8
Sophia;8;II24;F29;Economy;14.8
Sebastian;22;II24;C9;Economy;32.0
Lucas;75;II24;E9;Economy;17.6
Anna;72;II24;D3;Economy;2.9
Sarah;84;II24;C7;Economy;7.6
Anna;5;II24;F2;Economy;30.8
Aurora;25;II24;A27;Economy;29.5
Daniel;59;II24;F11;Economy;25.4
Sebastian;28;II24;E22;Economy;4.4
Julia;41;II24;A16;Economy;11.5
Mateo;1;II24;D22;Economy;22.4
Mia;2;II24;E32;Economy;11.8
Julia;29;II24;B10;Economy;22.4
Daniel;88;II24;A2;Economy;8.3
Joshua;11;II24;F32;Economy;30.8
Andrew;74;II24;E23;Economy;9.5
Alexander;63;II24;D18;Economy;19.0
Anna;89;II24;D26;Economy;28.7
Lucas;12;II24;C10;Economy;19.3
Liam;69;II24;D1;Economy;3.2
Andrew;82;II24;D7;Economy;4.7
Micheal;56;II24;B17;Economy;25.4
Micheal;15;II24;B22;Economy;11.4
Sebastian;88;II24;E14;Economy;17.6
Oliver;21;II24;B10;Economy;2.2
David;56;II24;A3;Economy;28.5
Andrew;29;II24;A25;Economy;16.8
Joshua;60;II24;C19;Economy;11.6
Daniel;2;II24;E21;Economy;16.1
Julia;57;II24;B31;Economy;16.1
Daniel;65;II24;C21;Economy;11.7
Liam;28;II24;F12;Economy;16.7
Anna;73;II24;C13;Economy;24.8
Lucas;13;II24;B17;Economy;22.2
Oliver;44;II24;A32;Economy;15.5
Sarah;73;II24;F6;Economy;7.2
Benjamin;61;II24;F24;Economy;16.1
Oliver;26;II24;D13;Economy;3.1
Benjamin;81;II24;D2;Economy;29.3
William;32;II24;E16;Economy;29.4
Daniel;23;II24;B28;Economy;26.1
Lucas;21;II24;B28;Economy;29.3
Julia;43;II24;F4;Economy;29.7
David;10;II24;B7;Economy;12.1
Lucas;41;II24;C14;Economy;13.8
Sophia;75;II24;E3;Economy;29.0
Aurora;43;II24;B11;Economy;25.1
Alexander;35;II24;B11;Economy;19.3
Joshua;51;II24;D32;Economy;6.6
William;68;II24;B1;Economy;3.3
William;25;II24;F13;Economy;7.2
William;81;II24;F23;Economy;29.7
Sophia;21;II24;A25;Economy;11.9
Lucas;32;II24;F22;Economy;18.1
Julia;48;II24;B30;Economy;11.0
Daniel;70;II24;E23;Economy;22.7
David;51;II24;E23;Economy;22.5
Liam;86;II24;D26;Economy;26.6
David;63;II24;E25;Economy;17.1
Anna;1;II24;A3;Economy;16.0
David;34;II24;D21;Economy;7.7
Lucas;32;II24;D27;Economy;30.8
David;79;II24;C12;Economy;24.0
Julia;8;II24;E18;Economy;22.3
Liam;60;II24;D17;Economy;9.9
William;42;II24;F25;Economy;28.7
Mia;23;II24;A17;Economy;17.1
Mateo;81;II24;E8;Economy;10.5
Lucas;77;II24;B29;Economy;11.7
Anna;67;II24;D8;Economy;32.3
Sophia;12;II24;E24;Economy;7.7
Thomas;29;II24;A14;Economy;10.4
Julia;76;II24;C12;Economy;10.4
Joshua;14;II24;C6;Economy;20.2
Andrew;44;II24;C27;Economy;28.1
Micheal;80;II24;F12;Economy;8.5
Mateo;76;II24;F24;Economy;20.2
Mateo;64;II24;F1;Economy;26.5
Oliver;20;II24;D28;Economy;9.6
Benjamin;18;II24;B8;Economy;13.4
Mateo;57;II24;A20;Economy;25.1
Mia;55;II24;F15;Economy;18.2
Sophia;4;II24;A4;Economy;2.6
Lucas;75;II24;D11;Economy;29.3
Julia;36;II24;A17;Economy;10.6
Andrew;22;II24;B17;Economy;6.6
Aurora;28;II24;B19;Economy;3.9
Micheal;61;II24;B28;Economy;11.4
Andrew;48;II24;F24;Economy;25.7
Liam;5;II24;F8;Economy;4.5
Oliver;35;II24;B10;Economy;11.7
Oliver;18;II24;A2;Economy;15.2
David;5;II24;A18;Economy;31.7
Alexander;83;II24;C20;Economy;28.9
Andrew;32;II24;A10;Economy;27.0
Daniel;86;II24;A13;Economy;4.3
Liam;17;II24;E2;Economy;10.4
Aurora;19;II24;B12;Economy;31.4
Lucas;74;II24;D9;Economy;21.6
Daniel;89;II24;A4;Economy;27.6
Sebastian;18;II24;A27;Economy;3.5
Mia;18;II24;A29;Economy;23.7
Daniel;42;II24;B27;Economy;17.5
Joshua;55;II24;A26;Economy;15.9
Mateo;3;II24;B15;Economy;10.9
Liam;34;II24;F14;Economy;9.0
William;83;II24;C23;Economy;20.8
Anna;41;II24;E2;Economy;23.6
William;5;II24;F31;Economy;2.6
William;41;II24;C23;Economy;21.8
Liam;18;II24;F32;Economy;17.1
Oliver;63;II24;A22;Economy;23.7
Benjamin;43;II24;E2;Economy;31.8
Mia;62;II24;B5;Economy;13.3
Julia;16;II24;C31;Economy;9.1
Lucas;71;II24;F32;Economy;5.8
Sebastian;78;II24;E24;Economy;20.5
Mia;21;II24;E13;Economy;26.0
Oliver;77;II24;F9;Economy;19.4
Liam;81;II24;C10;Economy;12.8
Joshua;10;II24;F11;Economy;12.6
Aurora;87;II24;E14;Economy;22.5
Joshua;64;II24;F23;Economy;20.3
Andrew;86;II24;A21;Economy;28.6
Sebastian;67;II24;C17;Economy;19.8
Andrew;35;II24;B4;Economy;30.0
Benjamin;40;II24;B28;Economy;23.8
Mia;41;II24;F25;Economy;21.3
Liam;24;II24;A2;Economy;32.1
Benjamin;52;II24;D14;Economy;22.2
Oliver;81;II24;C24;Economy;30.1
Lucas;51;II24;A20;Economy;19.9
William;43;II24;E19;Economy;32.5
Alexander;70;II24;A15;Economy;2.3
Aurora;61;II24;F1;Economy;18.9
Alexander;84;II24;C15;Economy;15.8
Lucas;24;II24;E26;Economy;12.0
Mia;20;II24;D18;Economy;16.5
Joshua;80;II24;F1;Economy;28.0
Aurora;4;II24;E6;Economy;31.5
William;72;II24;A13;Economy;5.4
William;55;II24;C23;Economy;32.2
Mateo;22;II24;D25;Economy;7.5
Mateo;38;II24;A29;Economy;22.2
Thomas;41;II24;D19;Economy;31.0
Lucas;12;II24;F16;Economy;23.1
William;9;II24;F31;Economy;14.0
Daniel;70;II24;A13;Economy;18.9
Thomas;39;II24;E10;Economy;21.4
Aurora;40;II24;E17;Economy;16.2
Benjamin;48;II24;B19;Economy;17.6
Benjamin;88;II24;D21;Economy;4.0
Thomas;2;II24;A17;Economy;16.2
Anna;84;II24;D10;Economy;29.4
Liam;46;II24;F22;Economy;7.7
Mia;43;II24;A1;Economy;2.8
Aurora;37;II24;E31;Economy;24.0
Mia;67;II24;C31;Economy;2.1
Liam;57;II24;D28;Economy;5.2
Daniel;62;II24;A5;Economy;8.6
Andrew;84;II24;F8;Economy;5.2
Micheal;80;II24;A14;Economy;12.9
Liam;82;II24;C31;Economy;29.5
Oliver;71;II24;E27;Economy;22.2
Sarah;23;II24;B5;Economy;1.9
David;52;II24;C5;Economy;26.3
Anna;52;II24;E16;Economy;20.7
Mia;64;II24;D7;Economy;19.1
Sophia;87;II24;B23;Economy;10.8
Benjamin;66;II24;B17;Economy;28.0
Oliver;88;II24;D1;Economy;17.3
Mia;10;II24;F28;Economy;5.1
Sebastian;11;II24;D22;Economy;4.9
Anna;49;II24;E27;Economy;16.2
Alexander;4;II24;D31;Economy;6.0
Sebastian;40;II24;F26;Economy;32.7
Daniel;7;II24;F2;Economy;14.5
Micheal;69;II24;C28;Economy;6.1
Andrew;30;II24;B4;Economy;18.2
Mia;13;II24;E30;Economy;25.7
Micheal;9;II24;E29;Economy;16.8
Oliver;4;II24;C10;Economy;25.7
Sarah;85;II24;E6;Economy;15.9
Anna;71;II24;C19;Economy;12.6
Sarah;74;II24;F17;Economy;5.1
Alexander;55;II24;F28;Economy;19.3
Benjamin;27;II24;E5;Economy;14.2
Sarah;63;II24;B15;Economy;6.4
Oliver;16;II24;A30;Economy;18.0
David;8;II24;C2;Economy;24.2
Lucas;88;II24;F15;Economy;6.8
Benjamin;33;II24;D12;Economy;12.7
Sophia;37;II24;C16;Economy;19.9
Sophia;79;II24;A31;Economy;10.0
Sophia;24;II24;B32;Economy;4.4
Thomas;6;II24;A2;Economy;2.2
Julia;40;II24;F6;Economy;16.9
Sophia;83;II24;B23;Economy;7.9
Daniel;69;II24;A19;Economy;32.6
Benjamin;47;II24;A19;Economy;3.2
Oliver;60;II24;C24;Economy;8.6
Aurora;27;II24;A18;Economy;2.8
Daniel;60;II24;C30;Economy;31.6
Benjamin;23;II24;B29;Economy;3.5
Andrew;22;II24;C7;Economy;20.7
Lucas;7;II24;E8;Economy;32.1
Sophia;17;II24;D2;Economy;8.3
Anna;56;II24;F8;Economy;20.7
Alexander;46;II24;B26;Economy;30.7
Mateo;35;II24;C7;Economy;6.8
Oliver;59;II24;C18;Economy;25.4
Sophia;69;II24;A9;Economy;23.2
Joshua;57;II24;E3;Economy;11.1
Mia;37;II24;D22;Economy;20.5
Joshua;65;II24;E32;Economy;10.0
Joshua;20;II24;A27;Economy;17.5
Sebastian;30;II24;F23;Economy;29.0
Liam;3;II24;E10;Economy;14.0
Joshua;8;II24;D9;Economy;30.5
Sarah;11;II24;D17;Economy;5.5
William;75;II24;D14;Economy;32.5
Andrew;25;II24;D27;Economy;4.5
Thomas;34;II24;B18;Economy;13.5
Mateo;39;II24;F19;Economy;2.6
Micheal;73;II24;D31;Economy;8.0
Joshua;14;II24;B25;Economy;29.4
Julia;57;II2;A22;Economy;22.5
Joshua;52;II2;C4;Economy;30.6
Sophia;48;II2;D6;Economy;14.8
Micheal;62;II2;F13;Economy;4.2
Joshua;24;II2;E1;Economy;6.5
Benjamin;37;II2;D9;Economy;14.4
Andrew;53;II2;B27;Economy;10.6
Oliver;31;II2;F9;Economy;4.9
William;40;II2;E5;Economy;24.4
Micheal;76;II2;A26;Economy;5.3
Joshua;69;II2;D5;Economy;14.2
Daniel;78;II2;E8;Economy;26.6
William;43;II2;B22;Economy;25.5
Sarah;27;II2;D26;Economy;26.6
Aurora;27;II2;A32;Economy;19.7
Mateo;35;II2;A25;Economy;17.5
Micheal;50;II2;F14;Economy;15.0
Anna;78;II2;E2;Economy;24.4
Julia;43;II2;C25;Economy;16.2
Sarah;1;II2;B15;Economy;11.6
Joshua;22;II2;F32;Economy;20.0
Aurora;41;II2;A26;Economy;11.1
Joshua;73;II2;F32;Economy;3.4
Daniel;17;II2;D24;Economy;13.8
Andrew;51;II2;A22;Economy;1.8
Liam;32;II2;C21;Economy;21.7
Mia;67;II2;B11;Economy;6.1
Sebastian;13;II2;E14;Economy;9.1
Alexander;26;II2;C3;Economy;5.0
David;50;II2;B26;Economy;12.7
Sebastian;42;II2;F9;Economy;12.0
Alexander;75;II2;C29;Economy;12.2
Julia;83;II2;C22;Economy;20.8
Thomas;2;II2;A9;Economy;29.8
Aurora;9;II2;C18;Economy;17.3
Lucas;50;II2;B26;Economy;1.8
Anna;62;II2;C20;Economy;16.6
Mateo;9;II2;C13;Economy;12.8
Andrew;78;II2;F9;Economy;9.9
Julia;63;II2;B5;Economy;9.5
Thomas;82;II2;F2;Economy;11.1
Mia;69;II2;D11;Economy;22.8
Liam;10;II2;C23;Economy;21.1
Thomas;24;II2;B5;Economy;29.0
Joshua;7;II2;D24;Economy;31.1
Alexander;38;II2;C21;Economy;10.6
Sarah;71;II2;E32;Economy;24.5
Mateo;13;II2;D32;Economy;13.9
David;72;II2;F22;Economy;25.4
Micheal;42;II2;D14;Economy;11.6
Andrew;76;II2;C10;Economy;8.8
Daniel;10;II2;B26;Economy;9.2
Aurora;47;II2;D32;Economy;23.0
David;33;II2;D14;Economy;10.0
Joshua;47;II2;B13;Economy;21.9
Daniel;83;II2;D26;Economy;12.3
Mia;30;II2;F31;Economy;28.1
Sarah;61;II2;D15;Economy;29.3
Julia;22;II2;F20;Economy;4.6
Daniel;70;II2;B10;Economy;15.6
Daniel;62;II2;F19;Economy;2.4
Sebastian;82;II2;C23;Economy;27.8
Aurora;47;II2;C24;Economy;27.0
Sarah;62;II2;B26;Economy;16.8
Daniel;5;II2;B32;Economy;24.3
Aurora;29;II2;D18;Economy;27.3
William;12;II2;B1;Economy;27.8
Julia;43;II2;F24;Economy;30.0
William;46;II2;F31;Economy;31.7
Thomas;64;II2;F8;Economy;13.3
Mateo;78;II2;F5;Economy;26.9
Mia;12;II2;A30;Economy;2.7
Sarah;53;II2;F32;Economy;2.3
Liam;67;II2;A28;Economy;8.8
Sophia;57;II2;F12;Economy;3.7
Alexander;63;II2;F10;Economy;9.2
Sophia;42;II2;B16;Economy;9.8
Micheal;70;II2;C7;Economy;1.9
Mia;23;II2;A19;Economy;17.9
Sarah;60;II2;A30;Economy;8.7
Oliver;40;II2;F26;Economy;27.6
Daniel;38;II2;E13;Economy;23.1
Micheal;78;II2;F6;Economy;31.9
David;3;II2;F8;Economy;23.3
William;74;II2;D27;Economy;12.1
David;82;II2;E18;Economy;18.7
David;7;II2;E7;Economy;4.7
Aurora;45;II2;D22;Economy;1.9
Lucas;58;II2;E8;Economy;3.1
Joshua;31;II2;C30;Economy;9.6
William;54;II2;D9;Economy;14.0
Julia;56;II2;A20;Economy;23.7
Alexander;82;II2;E1;Economy;28.2
Liam;18;II2;D12;Economy;4.7
David;72;II2;B24;Economy;16.2
Alexander;66;II2;B9;Economy;13.4
Lucas;11;II2;A5;Economy;31.3
William;57;II2;F22;Economy;31.6
Thomas;71;II2;C21;Economy;3.3
Sebastian;49;II2;F7;Economy;29.9
Joshua;14;II2;D14;Economy;17.1
Daniel;51;II2;B28;Economy;25.0
Micheal;21;II2;A16;Economy;28.3
Alexander;14;II2;C22;Economy;24.4
William;82;II2;E21;Economy;11.5
Aurora;6;II2;C3;Economy;5.9
Daniel;36;II2;C27;Economy;5.9
Lucas;73;II2;E6;Economy;14.1
Oliver;6;II2;D24;Economy;19.0
Micheal;27;II2;B24;Economy;11.9
Alexander;17;II2;F23;Economy;32.3
Andrew;18;II2;D18;Economy;12.5
Joshua;23;II2;F15;Economy;13.5
Liam;62;II2;E14;Economy;14.5
Aurora;58;II2;F25;Economy;10.7
Oliver;67;II2;A27;Economy;20.8
Julia;20;II2;E13;Economy;5.1
William;57;II2;D23;Economy;9.6
Lucas;51;II2;A16;Economy;7.8
Micheal;80;II2;E17;Economy;21.7
Julia;65;II2;F1;Economy;12.5
Joshua;58;II2;B13;Economy;29.4
Sophia;59;II2;C4;Economy;31.0
Sophia;66;II2;D22;Economy;10.9
Oliver;45;II2;B10;Economy;12.4
Aurora;10;II2;F7;Economy;18.2
Micheal;65;II2;F18;Economy;25.4
Oliver;49;II2;D14;Economy;7.6
Micheal;87;II2;A22;Economy;9.1
Lucas;31;II2;E30;Economy;19.4
Mia;63;II2;A4;Economy;7.8
Alexander;53;II2;B15;Economy;5.8
Micheal;60;II2;C3;Economy;5.6
Micheal;27;II2;B28;Economy;26.8
Lucas;84;II2;C23;Economy;28.2
Thomas;1;II2;C16;Economy;28.4
Oliver;29;II2;B4;Economy;3.7
Sebastian;40;II2;D26;Economy;28.7
William;28;II2;F21;Economy;8.8
Benjamin;78;II2;F24;Economy;9.3
Joshua;51;II2;C9;Economy;6.9
Alexander;40;II2;B16;Economy;31.5
Aurora;47;II2;D12;Economy;29.6
Joshua;27;II2;A9;Economy;10.5
Andrew;17;II2;D20;Economy;6.8
Julia;32;II2;C17;Economy;2.9
Sophia;86;II2;E7;Economy;24.5
Oliver;71;II2;D9;Economy;16.1
Micheal;21;II2;B1;Economy;23.1
Benjamin;3;II2;F8;Economy;12.4
Mateo;50;II2;C15;Economy;8.5
David;34;II2;E29;Economy;6.6
Sarah;72;II2;C28;Economy;12.3
David;77;II2;F22;Economy;6.5
Julia;3;II2;E3;Economy;11.8
Joshua;34;II2;D11;Economy;27.7
Andrew;9;II2;B14;Economy;23.6
Lucas;51;II2;A28;Economy;9.7
Alexander;3;II2;E12;Economy;29.1
Anna;63;II2;A19;Economy;31.4
Mia;22;II2;C7;Economy;25.1
Oliver;77;II2;C28;Economy;24.3
Mia;42;II2;D13;Economy;10.9
Andrew;2;II2;C22;Economy;20.0
Liam;49;II2;F29;Economy;19.9
Oliver;71;II2;E29;Economy;8.8
Oliver;55;II3;C30;Economy;8.0
Micheal;43;II3;F3;Economy;7.5
Daniel;9;II3;F5;Economy;28.4
Sophia;84;II3;D9;Economy;11.2
Alexander;18;II3;E23;Economy;3.5
Mateo;29;II3;F29;Economy;8.0
Joshua;7;II3;A29;Economy;28.0
Micheal;35;II3;F11;Economy;17.5
Liam;6;II3;F2;Economy;11.3
Joshua;3;II3;A1;Economy;14.2
Sarah;30;II3;E13;Economy;10.7
Mateo;40;II3;B7;Economy;5.6
Andrew;29;II3;B19;Economy;31.0
Daniel;31;II3;B21;Economy;10.4
Aurora;65;II3;C28;Economy;19.0
Anna;87;II3;E13;Economy;24.7
Julia;13;II3;C13;Economy;8.3
Sebastian;50;II3;A30;Economy;20.7
Sebastian;25;II3;F32;Economy;32.5
William;66;II3;F15;Economy;4.7
Anna;22;II3;B6;Economy;12.6
Joshua;82;II3;D10;Economy;17.6
Sebastian;64;II3;E12;Economy;31.9
Daniel;43;II3;E30;Economy;22.5
Thomas;84;II3;B28;Economy;21.3
Benjamin;4;II3;C12;Economy;26.9
Mia;17;II3;B18;Economy;21.2
Julia;74;II3;F28;Economy;18.1
Liam;19;II3;D15;Economy;8.4
William;42;II3;C4;Economy;29.4
Joshua;63;II3;C8;Economy;4.0
Daniel;63;II3;D27;Economy;21.5
Sarah;1;II3;D25;Economy;7.8
Daniel;23;II3;F8;Economy;3.0
Mia;75;II3;B4;Economy;26.4
Daniel;23;II3;F13;Economy;6.1
Aurora;63;II3;F10;Economy;4.7
Micheal;69;II3;B29;Economy;1.9
Sophia;18;II3;F31;Economy;29.0
Alexander;86;II3;F12;Economy;21.8
Lucas;24;II3;C31;Economy;26.0
Benjamin;76;II3;B3;Economy;7.6
Joshua;26;II3;F15;Economy;26.8
Liam;85;II3;D22;Economy;4.1
Thomas;63;II3;C21;Economy;32.5
Mateo;34;II3;C8;Economy;22.4
Lucas;34;II3;B19;Economy;1.8
William;38;II3;A12;Economy;3.1
Daniel;52;II3;D13;Economy;25.1
Lucas;79;II3;C17;Economy;31.3
Sophia;59;II3;D19;Economy;10.4
Daniel;80;II3;F4;Economy;29.0
Joshua;4;II3;A21;Economy;13.0
Daniel;43;II3;A12;Economy;31.8
William;27;II3;A31;Economy;20.7
Sarah;12;II3;D26;Economy;29.7
Liam;34;II3;D11;Economy;3.9
Sarah;45;II3;F24;Economy;11.9
Mia;6;II3;B3;Economy;32.8
William;19;II3;A30;Economy;17.8
David;65;II3;C15;Economy;31.2
Liam;41;II3;C15;Economy;18.8
Joshua;36;II3;A22;Economy;15.5
Sarah;61;II3;C19;Economy;25.5
Joshua;27;II3;C29;Economy;24.9
Thomas;21;II3;F26;Economy;18.9
Mateo;25;II3;F18;Economy;12.5
Aurora;74;II3;C9;Economy;26.5
David;54;II3;D14;Economy;8.6
Joshua;15;II3;E27;Economy;8.0
Andrew;21;II3;F20;Economy;30.7
Andrew;34;II3;D14;Economy;24.9
Andrew;1;II3;E19;Economy;18.9
Joshua;5;II3;B15;Economy;9.9
Andrew;78;II3;B21;Economy;29.8
Andrew;63;II3;E26;Economy;29.0
Benjamin;50;II3;C21;Economy;18.6
Liam;40;II3;A4;Economy;5.4
Benjamin;22;II3;B4;Economy;6.6
Lucas;43;II3;C27;Economy;10.9
Joshua;81;II3;F30;Economy;8.3
Thomas;66;II3;E17;Economy;7.4
David;28;II3;A7;Economy;27.2
Thomas;79;II3;C10;Economy;26.3
Aurora;52;II3;A5;Economy;21.7
David;27;II3;A11;Economy;17.4
Alexander;81;II3;F12;Economy;30.0
Thomas;28;II3;B4;Economy;28.7
Sebastian;75;II3;F32;Economy;22.1
Aurora;39;II3;A6;Economy;24.8
Benjamin;76;II3;E4;Economy;31.7
David;40;II3;F25;Economy;15.9
Benjamin;12;II3;A5;Economy;7.5
Benjamin;82;II3;C21;Economy;21.9
Anna;72;II3;A16;Economy;19.0
Thomas;25;II3;B7;Economy;16.3
Anna;40;II3;A5;Economy;17.2
William;12;II3;F13;Economy;5.2
Mia;78;II3;D25;Economy;25.9
Mia;69;II3;A25;Economy;18.0
Mateo;74;II3;F14;Economy;27.7
Liam;5;II3;B31;Economy;2.9
Julia;1;II3;A17;Economy;5.2
Mia;9;II3;E19;Economy;23.8
Mateo;31;II3;B10;Economy;5.0
Mateo;19;II3;D18;Economy;31.1
Mateo;81;II3;C25;Economy;11.8
Aurora;55;II3;E3;Economy;3.5
Daniel;78;II3;C30;Economy;31.5
Anna;44;II3;D20;Economy;20.3
Joshua;31;II3;B16;Economy;24.7
Mia;78;II3;B25;Economy;4.1
Andrew;69;II3;A20;Economy;16.7
William;79;II3;F13;Economy;20.8
Mia;17;II3;F16;Economy;27.1
Sarah;70;II3;A21;Economy;12.4
Aurora;7;II3;A4;Economy;4.3
Julia;47;II3;B15;Economy;28.4
Sebastian;22;II3;B14;Economy;18.5
Sarah;76;II3;C4;Economy;8.7
Oliver;14;II3;F11;Economy;25.0
Sebastian;20;II3;B7;Economy;11.7
Daniel;1;II3;A23;Economy;30.5
David;74;II3;B2;Economy;32.4
Liam;11;II3;A29;Economy;19.7
Joshua;22;II3;E5;Economy;15.9
Sarah;57;II3;B16;Economy;12.2
Benjamin;18;II3;A28;Economy;13.2
Lucas;23;II3;D13;Economy;26.7
Aurora;81;II3;B9;Economy;11.9
Joshua;70;II3;A25;Economy;23.7
Daniel;64;II3;C24;Economy;13.3
Joshua;15;II3;E1;Economy;28.5
David;82;II3;B16;Economy;30.1
Sophia;75;II3;C30;Economy;24.4
Micheal;30;II3;F3;Economy;6.6
Andrew;10;II3;D15;Economy;16.9
Daniel;66;II3;E3;Economy;10.4
William;51;II3;B12;Economy;17.6
Benjamin;18;II3;D10;Economy;4.3
Thomas;60;II3;E7;Economy;7.5
Thomas;11;II3;B7;Economy;32.3
Andrew;75;II3;F13;Economy;16.8
Sarah;70;II3;B5;Economy;15.8
Sarah;51;II3;C27;Economy;29.8
Lucas;4;II3;B25;Economy;25.0
Oliver;58;II3;E18;Economy;30.9
Julia;61;II3;C20;Economy;30.3
Aurora;37;II3;D22;Economy;4.3
Benjamin;12;II3;D13;Economy;6.7
Anna;73;II3;D21;Economy;13.5
Aurora;9;II3;E8;Economy;28.9
Sebastian;37;II3;E10;Economy;27.2
Thomas;16;II3;E31;Economy;13.2
Alexander;2;II3;A24;Economy;3.3
Thomas;45;II3;D26;Economy;10.6
Anna;59;II3;B22;Economy;23.2
William;66;II3;C16;Economy;5.1
Sarah;18;II3;C26;Economy;31.8
Sebastian;57;II3;D26;Economy;10.5
Daniel;57;II3;E9;Economy;30.8
Aurora;66;II3;F5;Economy;6.1
Micheal;16;II3;E11;Economy;24.1
Mateo;72;II3;E4;Economy;2.7
Liam;44;II3;D14;Economy;10.6
Mia;25;II3;B12;Economy;18.0
William;76;II3;D11;Economy;12.9
Mia;57;II3;D19;Economy;10.5
Anna;68;II3;F18;Economy;22.3
Daniel;5;II3;D11;Economy;3.8
Micheal;28;II3;B25;Economy;22.8
Micheal;13;II3;B7;Economy;9.7
Lucas;64;II3;A11;Economy;30.9
Lucas;64;II3;C31;Economy;20.4
William;85;II3;F5;Economy;8.0
Thomas;10;II3;E25;Economy;17.7
Liam;20;II3;A8;Economy;19.8
Joshua;9;II3;A18;Economy;9.2
Anna;53;II3;C23;Economy;11.3
Julia;71;II3;E30;Economy;17.2
Mia;60;II3;E22;Economy;21.0
Lucas;43;II3;B16;Economy;17.0
Andrew;16;II3;A26;Economy;30.6
Sarah;72;II3;F1;Economy;32.5
William;19;II3;A14;Economy;23.2
Sarah;65;II3;C4;Economy;22.8
Mateo;1;II3;B31;Economy;18.4
Aurora;80;II3;F25;Economy;32.5
Sophia;1;II3;C29;Economy;19.0
Andrew;71;II3;B3;Economy;7.3
Mia;82;II3;B25;Economy;12.0
Alexander;29;II3;D16;Economy;21.4
David;25;II3;D3;Economy;2.7
Thomas;66;II3;F21;Economy;29.0
Alexander;2;II3;F5;Economy;4.1
Sarah;81;II3;D30;Economy;32.2
Julia;11;II3;D31;Economy;10.2
Lucas;52;II3;B3;Economy;23.9
Thomas;50;II3;F25;Economy;9.1
Mateo;57;II3;A6;Economy;3.7
Sophia;29;II3;A3;Economy;22.2
Thomas;87;II3;E12;Economy;22.9
Andrew;71;II3;E23;Economy;23.0
Sarah;50;II3;E27;Economy;5.3
Alexander;23;II3;C28;Economy;6.4
Thomas;16;II3;A12;Economy;23.4
Sarah;15;II3;D9;Economy;7.6
Anna;71;II3;A10;Economy;31.9
Alexander;27;II3;F9;Economy;3.9
Thomas;53;II3;E10;Economy;9.2
Daniel;82;II3;D6;Economy;18.1
Julia;79;II3;F30;Economy;28.1
William;31;II3;D22;Economy;4.7
Lucas;33;II3;B23;Economy;14.9
Sarah;67;II3;B5;Economy;9.1
Lucas;26;II3;C29;Economy;15.7
David;33;II3;F4;Economy;22.1
Andrew;84;II3;C12;Economy;32.4
Andrew;16;II3;B10;Economy;30.6
Micheal;37;II3;F24;Economy;9.3
William;58;II3;C8;Economy;22.4
Aurora;51;II3;A23;Economy;29.4
Micheal;55;II3;E12;Economy;13.7
Thomas;9;II3;D14;Economy;12.4
Liam;31;II3;B8;Economy;9.5
Liam;63;II3;E19;Economy;17.9
Thomas;69;II3;C27;Economy;16.9
Joshua;75;II3;E7;Economy;12.3
Mateo;56;II3;B14;Economy;20.3
Aurora;84;II3;B11;Economy;10.8
Sarah;78;II3;E13;Economy;29.1
Mateo;72;II3;F23;Economy;32.6
Thomas;11;II3;D18;Economy;24.2
Andrew;28;II3;B7;Economy;17.7
Oliver;87;II3;D8;Economy;10.0
Andrew;83;II3;C15;Economy;9.3
Micheal;31;II3;C27;Economy;15.9
Sophia;57;II3;A3;Economy;24.1
Micheal;6;II3;F20;Economy;6.2
David;79;II3;E15;Economy;16.2
Liam;6;II3;A27;Economy;10.8
Mia;26;II3;A27;Economy;5.8
Lucas;56;II3;C31;Economy;22.3
Aurora;27;II3;A25;Economy;23.1
Sarah;72;II3;A23;Economy;28.8
Thomas;46;II3;E5;Economy;15.1
Joshua;14;II3;D26;Economy;15.6
William;85;II3;B8;Economy;27.0
William;56;II3;A11;Economy;5.3
Daniel;34;II3;D19;Economy;30.8
Lucas;31;II3;D13;Economy;19.8
Liam;4;II3;A20;Economy;4.5
Lucas;63;II3;F6;Economy;10.5
Liam;75;II3;D11;Economy;25.3
Oliver;14;II3;B17;Economy;12.8
Anna;24;II3;A18;Economy;28.9
Mia;7;II3;C25;Economy;29.1
David;34;II3;F6;Economy;5.4
Aurora;37;II3;A25;Economy;22.2
Oliver;77;II3;C27;Economy;12.9
William;60;II3;F22;Economy;18.9
Oliver;60;II3;F8;Economy;11.5
Liam;6;II3;C26;Economy;26.6
Mateo;6;II3;D30;Economy;14.5
Sebastian;12;II3;A2;Economy;14.5
Lucas;3;II3;A2;Economy;20.7
Joshua;84;II3;E11;Economy;31.9
Micheal;53;II3;E22;Economy;26.4
Sarah;43;II3;B19;Economy;21.4
Julia;4;II3;F19;Economy;26.3
Anna;80;II3;F23;Economy;28.3
Sebastian;64;II3;E1;Economy;17.8
Thomas;34;II3;E12;Economy;3.2
Mia;34;II3;B13;Economy;6.6
Sebastian;80;II3;F8;Economy;2.3
Julia;55;II3;D17;Economy;11.6
Oliver;50;II3;E13;Economy;2.5
Andrew;80;II3;D2;Economy;7.9
Sebastian;27;II3;A11;Economy;25.4
Benjamin;57;II3;D16;Economy;29.9
Alexander;38;II3;B4;Economy;29.5
Micheal;19;II3;D26;Economy;13.4
Alexander;22;II3;D3;Economy;21.4
Liam;35;II3;D1;Economy;21.9
Sarah;45;II3;E3;Economy;23.1
Lucas;62;II3;D30;Economy;23.9
Oliver;25;II3;C19;Economy;12.5
Mateo;66;II3;D6;Economy;28.2
Sophia;45;II3;C5;Economy;32.1
Anna;7;II3;F9;Economy;20.5
William;34;II3;C4;Economy;25.5
Oliver;26;II3;A2;Economy;15.8
Lucas;66;II3;A4;Economy;12.4
Sebastian;3;II3;E9;Economy;21.8
Mateo;65;II3;B25;Economy;12.2
Mateo;38;II3;A11;Economy;2.8
Andrew;47;II3;A20;Economy;20.5
David;62;II3;D11;Economy;17.1
Mateo;60;II3;F4;Economy;10.2
Sebastian;85;II3;F18;Economy;30.4
Aurora;51;II3;E20;Economy;23.5
Julia;51;II3;A2;Economy;4.1
Sarah;86;II3;D9;Economy;18.0
Sophia;42;II3;F27;Economy;23.9
David;12;II3;D29;Economy;28.7
Alexander;61;II3;F11;Economy;24.1
Sarah;30;II3;E19;Economy;7.6
David;79;II3;D17;Economy;29.2
David;50;II3;C30;Economy;15.0
Alexander;36;II3;B26;Economy;27.6
Liam;14;II3;C26;Economy;16.7
Benjamin;83;II3;F24;Economy;24.1
Daniel;86;II3;F1;Economy;25.7
Oliver;16;II3;D8;Economy;27.8
Aurora;62;II3;D31;Economy;32.6
Alexander;35;II3;F27;Economy;13.2
Alexander;62;II3;A30;Economy;23.4
Benjamin;9;II3;F21;Economy;6.9
Benjamin;87;II3;B23;Economy;19.2
Benjamin;83;II3;C1;Economy;30.0
Mia;43;II3;F20;Economy;25.7
David;35;II3;E18;Economy;31.4
Andrew;72;II3;C22;Economy;4.3
Micheal;39;II3;F14;Economy;27.0
Sebastian;13;II3;B10;Economy;24.9
Oliver;5;II3;C9;Economy;28.7
Sophia;24;II3;B9;Economy;15.5
Anna;51;II3;A3;Economy;16.9
Daniel;84;II3;C28;Economy;5.8
Liam;47;II3;C32;Economy;14.7
Anna;12;II3;E10;Economy;9.6
Mateo;30;II3;F31;Economy;22.3
Alexander;82;II3;E2;Economy;27.2
Aurora;71;II3;A2;Economy;7.6
Thomas;12;II3;C25;Economy;6.8
Anna;45;II3;D26;Economy;24.3
Anna;38;II3;D12;Economy;29.2
Anna;42;II3;F27;Economy;15.5
Andrew;63;II3;A26;Economy;14.0
Sarah;8;II3;B9;Economy;16.9
Sebastian;48;II3;A10;Economy;28.9
Liam;67;II3;E9;Economy;16.7
Sebastian;72;II3;A12;Economy;5.3
Sophia;82;II3;D16;Economy;7.7
Oliver;48;II3;F14;Economy;12.8
Oliver;60;II3;F26;Economy;4.9
Alexander;31;II3;B13;Economy;32.3
Daniel;64;II3;F31;Economy;25.3
Aurora;78;II3;E31;Economy;29.1
Daniel;43;II3;F4;Economy;32.4
Sophia;45;II3;C14;Economy;5.4
David;54;II3;C8;Economy;16.5
Oliver;60;II3;A28;Economy;16.2
Micheal;67;II3;D4;Economy;12.9
Alexander;7;II3;F3;Economy;8.0
Joshua;4;II3;E7;Economy;8.3
Mateo;77;II3;E2;Economy;18.6
Mateo;2;II3;B16;Economy;2.8
Anna;72;II3;F13;Economy;22.3
Micheal;3;II3;D1;Economy;32.6
Julia;13;II3;E10;Economy;19.6
Liam;73;II3;F21;Economy;11.7
Sophia;25;II3;D26;Economy;24.6
Sebastian;87;II3;E7;Economy;23.8
Andrew;38;II3;B24;Economy;24.9
Joshua;54;II3;A16;Economy;26.4
William;64;II3;C4;Economy;8.8
Joshua;80;II3;C20;Economy;28.3
Mateo;50;II3;A2;Economy;2.8
Sarah;81;II3;D4;Economy;21.1
David;57;II3;F3;Economy;26.0
Benjamin;65;II3;E13;Economy;12.9
Lucas;74;II3;D20;Economy;4.1
Micheal;16;II3;B9;Economy;11.9
Benjamin;54;II3;E8;Economy;11.8
David;14;II3;F12;Economy;23.5
Benjamin;67;II3;A14;Economy;21.9
David;5;II3;F19;Economy;8.0
Andrew;4;II3;B20;Economy;15.1
Lucas;79;II3;D19;Economy;26.0
Lucas;36;II3;C18;Economy;15.0
Aurora;80;II3;F9;Economy;12.8
Andrew;58;II3;A5;Economy;21.0
Thomas;57;II3;D9;Economy;25.0
Oliver;59;II3;A32;Economy;10.1
Alexander;22;II3;E32;Economy;20.9
Oliver;73;II3;D2;Economy;17.5
Andrew;81;II3;A4;Economy;19.3
Anna;67;II3;D23;Economy;24.8
Thomas;63;II3;F10;Economy;21.5
Joshua;17;II3;E30;Economy;25.3
Thomas;82;II3;B12;Economy;23.8
Aurora;82;II3;B9;Economy;7.7
Thomas;68;II3;C25;Economy;29.2
William;14;II3;F28;Economy;11.5
Daniel;50;II3;A28;Economy;7.3
Sebastian;59;II3;A6;Economy;28.5
Sarah;8;II3;E21;Economy;18.5
Mateo;48;II3;D23;Economy;7.0
Liam;54;II3;C26;Economy;16.1
Andrew;44;II3;E25;Economy;15.2
Aurora;55;II3;A17;Economy;15.3
Sebastian;87;II3;A20;Economy;32.7
Thomas;6;II3;C16;Economy;20.9
Mia;85;II3;C13;Economy;5.6
Sophia;7;II3;C1;Economy;3.8
Aurora;8;II3;B1;Economy;8.9
Joshua;8;II3;B22;Economy;16.8
Mia;48;II3;F4;Economy;21.7
Anna;44;II3;A16;Economy;13.9
Mateo;59;II3;B11;Economy;11.8
Mateo;76;II3;B6;Economy;5.2
Thomas;15;II3;D29;Economy;14.9
Julia;3;II3;B8;Economy;28.2
Sebastian;80;II3;E16;Economy;31.2
Lucas;1;II3;B16;Economy;29.0
Alexander;39;II3;C4;Economy;13.8
Mia;80;II3;E7;Economy;8.8
Liam;47;II3;B8;Economy;12.1
Sophia;25;II3;A18;Economy;31.7
Sarah;48;II3;B7;Economy;13.7
Lucas;50;II3;A6;Economy;11.6
David;28;II3;E27;Economy;27.5
Lucas;79;II3;B23;Economy;12.9
Alexander;82;MBI3;A24;Economy;13.8
Anna;49;MBI3;C2;Economy;13.7
Julia;56;MBI3;E7;Economy;9.2
Lucas;27;MBI3;D3;Economy;10.7
Mateo;86;MBI3;D2;Economy;17.8
Aurora;27;MBI3;E11;Economy;17.3
Lucas;37;MBI3;D12;Economy;16.9
Mateo;8;MBI3;E9;Economy;27.6
Alexander;24;MBI3;A6;Economy;9.7
Micheal;25;MBI3;D1;Economy;29.2
William;26;MBI3;D25;Economy;14.3
Lucas;42;MBI3;C27;Economy;4.0
Liam;5;MBI3;A7;Economy;14.8
Liam;44;MBI3;B17;Economy;5.3
Aurora;21;MBI3;D9;Economy;32.1
Joshua;65;MBI3;D12;Economy;17.0
Thomas;45;MBI3;D15;Economy;6.2
William;60;MBI3;C15;Economy;10.7
Thomas;14;MBI3;B1;Economy;29.4
Liam;46;MBI3;F3;Economy;5.2
Anna;41;MBI3;C25;Economy;24.6
Benjamin;63;MBI3;E2;Economy;5.4
Mia;47;MBI3;C27;Economy;15.5
Thomas;58;MBI3;E26;Economy;3.9
Thomas;65;MBI3;F3;Economy;28.3
Sebastian;82;MBI3;E18;Economy;29.6
Aurora;51;MBI3;E20;Economy;22.2
Joshua;62;MBI3;F13;Economy;16.4
Sarah;81;MBI3;E28;Economy;11.9
Julia;57;MBI3;C10;Economy;2.1
Julia;22;MBI3;D23;Economy;22.9
Benjamin;43;MBI3;D2;Economy;10.5
Sophia;7;MBI3;C19;Economy;25.0
Oliver;79;MBI3;D7;Economy;19.4
Alexander;7;MBI3;C2;Economy;24.6
William;34;MBI3;D7;Economy;24.5
Thomas;63;MBI3;B19;Economy;6.5
Andrew;20;MBI3;B8;Economy;31.0
David;20;MBI3;E22;Economy;14.0
William;44;MBI3;B25;Economy;7.3
Mia;41;MBI3;C6;Economy;9.6
William;15;MBI3;C4;Economy;12.1
Anna;4;MBI3;F16;Economy;6.5
Micheal;3;MBI3;F29;Economy;11.0
Sebastian;70;MBI3;B16;Economy;14.2
Aurora;65;MBI3;D20;Economy;18.6
Daniel;35;MBI3;B2;Economy;15.7
Micheal;73;MBI3;B29;Economy;2.2
Micheal;34;MBI3;D22;Economy;9.4
Benjamin;67;MBI3;F25;Economy;13.2
Sarah;34;MBI3;E20;Economy;29.0
Mia;70;MBI3;B24;Economy;32.8
Aurora;42;MBI3;C2;Economy;2.1
Benjamin;26;MBI3;D18;Economy;7.1
Thomas;81;MBI3;B7;Economy;20.9
Andrew;9;MBI3;D21;Economy;6.0
Aurora;34;MBI3;B19;Economy;29.1
Mia;14;MBI3;F15;Economy;22.9
Lucas;57;MBI3;D23;Economy;23.2
Liam;39;MBI3;F31;Economy;19.0
William;86;MBI3;A5;Economy;28.6
Mateo;55;MBI3;D4;Economy;29.0
Liam;35;MBI3;E11;Economy;19.2
Joshua;15;MBI3;B20;Economy;12.4
Sebastian;73;MBI3;A16;Economy;17.8
Oliver;64;MBI3;F28;Economy;29.6
Oliver;51;MBI3;C29;Economy;30.5
William;28;MBI3;A22;Economy;9.3
Benjamin;46;MBI3;F9;Economy;22.3
Sarah;13;MBI3;F21;Economy;22.3
William;13;MBI3;E20;Economy;32.6
Sarah;73;MBI3;F9;Economy;12.1
Thomas;64;MBI3;A32;Economy;2.7
Aurora;46;MBI3;D20;Economy;7.9
Sarah;63;MBI3;E24;Economy;14.3
Sebastian;20;MBI3;A9;Economy;20.6
Anna;47;MBI3;B23;Economy;3.7
Sarah;43;MBI3;A13;Economy;11.5
Aurora;86;MBI3;A2;Economy;13.4
Lucas;5;MBI3;C20;Economy;14.1
Sarah;32;MBI3;F9;Economy;26.1
Daniel;30;MBI3;D27;Economy;18.1
Anna;37;MBI3;A25;Economy;20.9
Alexander;36;MBI3;E16;Economy;22.1
Sebastian;63;MBI3;A25;Economy;4.7
Liam;52;MBI3;D32;Economy;24.6
Micheal;56;MBI3;A4;Economy;13.1
Sarah;84;MBI3;A5;Economy;15.2
Mateo;60;MBI3;D15;Economy;11.9
David;64;MBI3;D13;Economy;29.7
Daniel;26;MBI3;B14;Economy;9.6
Sebastian;71;MBI3;C17;Economy;23.4
Lucas;85;MBI3;E21;Economy;26.6
Alexander;83;MBI3;C2;Economy;8.8
Daniel;33;MBI3;E4;Economy;18.3
Alexander;86;MBI3;B31;Economy;26.6
Julia;17;MBI3;A1;Economy;3.2
Aurora;53;MBI3;F11;Economy;8.6
Joshua;78;MBI3;C22;Economy;6.5
Aurora;51;MBI3;C15;Economy;10.0
William;42;MBI3;B29;Economy;20.9
Benjamin;70;MBI3;C26;Economy;6.3
Mia;38;MBI3;C20;Economy;17.2
Sebastian;79;MBI3;F12;Economy;17.3
Lucas;35;MBI3;C8;Economy;20.0
Sebastian;75;MBI3;C30;Economy;31.1
Sophia;79;MBI3;A27;Economy;25.4
Alexander;80;MBI3;D12;Economy;31.0
Sarah;27;MBI3;C21;Economy;16.6
Mateo;42;MBI3;F4;Economy;8.6
Mia;26;MBI3;B7;Economy;32.1
Thomas;64;MBI3;C5;Economy;13.9
Julia;79;MBI3;F26;Economy;4.3
Anna;79;MBI3;D32;Economy;25.8
Thomas;6;MBI3;C15;Economy;31.4
Alexander;71;MBI3;D15;Economy;27.9
David;6;MBI3;B27;Economy;22.5
Julia;51;MBI3;D1;Economy;29.1
Mateo;26;MBI3;C31;Economy;27.9
Lucas;73;MBI3;E10;Economy;19.7
Mia;17;MBI3;E22;Economy;20.9
Sophia;54;MBI3;F28;Economy;17.6
Aurora;69;MBI3;B19;Economy;26.7
Mia;49;MBI3;A24;Economy;15.7
Lucas;6;MBI3;C1;Economy;25.6
Mia;2;MBI3;D20;Economy;4.6
Oliver;62;MBI3;D18;Economy;24.9
Micheal;86;MBI3;C5;Economy;10.8
Lucas;19;MBI3;E9;Economy;15.3
William;50;MBI3;D30;Economy;32.3
Liam;51;MBI3;D3;Economy;24.9
Sarah;38;MBI3;A13;Economy;11.6
Joshua;41;MBI3;D30;Economy;7.5
Benjamin;3;MBI3;D29;Economy;18.6
Andrew;60;MBI3;B18;Economy;18.6
Sophia;40;MBI3;A12;Economy;24.3
William;81;MBI3;E7;Economy;29.9
Lucas;74;MBI3;C8;Economy;7.2
Andrew;71;MBI3;C23;Economy;3.7
Joshua;32;MBI3;F10;Economy;22.8
Thomas;54;MBI3;B8;Economy;13.9
Mateo;13;MBI3;E30;Economy;29.3
Alexander;35;MBI3;C1;Economy;11.1
Aurora;79;MBI3;A17;Economy;29.7
Sophia;29;MBI3;D21;Economy;20.0
Sarah;22;MBI3;C5;Economy;28.9
Andrew;30;MBI3;A8;Economy;13.8
Aurora;7;MBI3;B29;Economy;22.1
Sebastian;81;MBI3;F6;Economy;27.5
David;52;MBI3;D5;Economy;12.6
Daniel;18;MBI3;D10;Economy;14.4
Micheal;8;MBI3;A28;Economy;20.5
Julia;46;MBI3;A17;Economy;19.9
Lucas;53;MBI3;D12;Economy;15.3
David;47;MBI3;B16;Economy;28.9
Andrew;13;MBI3;E6;Economy;9.3
Sebastian;73;MBI3;A18;Economy;24.1
Aurora;58;MBI3;A23;Economy;9.0
Alexander;62;MBI3;B26;Economy;26.4
Sarah;50;MBI3;F14;Economy;14.0
Julia;16;MBI3;E23;Economy;30.8
Mia;66;MBI3;B13;Economy;28.5
Mateo;12;MBI3;B10;Economy;25.5
Lucas;78;MBI3;A5;Economy;20.2
Anna;42;MBI3;F5;Economy;26.2
Benjamin;62;MBI3;F3;Economy;20.3
David;57;MBI3;B22;Economy;21.7
Oliver;32;MBI3;A13;Economy;4.3
Lucas;47;MBI3;E5;Economy;14.6
Julia;22;MBI3;A26;Economy;23.5
Liam;43;MBI3;D23;Economy;30.0
Benjamin;4;MBI3;B21;Economy;2.7
Sebastian;2;MBI3;C11;Economy;30.7
Andrew;87;MBI3;A4;Economy;7.2
Daniel;56;MBI3;B17;Economy;26.0
Aurora;10;MBI3;D12;Economy;24.1
Benjamin;1;MBI3;B28;Economy;5.2
Andrew;36;MBI3;C23;Economy;13.3
David;25;MBI3;D20;Economy;6.9
Thomas;8;MBI3;D22;Economy;11.0
Oliver;73;MBI3;F22;Economy;8.9
Daniel;67;MBI3;F11;Economy;11.0
Oliver;81;MBI3;F19;Economy;22.1
Sarah;4;MBI3;B11;Economy;20.4
Mateo;85;MBI3;C9;Economy;27.5
Mia;62;MBI3;A15;Economy;26.7
Liam;15;MBI3;B26;Economy;13.9
Aurora;17;MBI3;E31;Economy;5.0
Andrew;29;MBI3;E6;Economy;7.1
Alexander;16;MBI3;C26;Economy;2.9
David;65;MBI3;B19;Economy;14.6
Alexander;56;MBI3;D8;Economy;4.8
Micheal;13;MBI3;C25;Economy;16.0
Thomas;29;MBI3;B13;Economy;21.6
Julia;10;MBI3;A23;Economy;13.2
Thomas;50;MBI3;B14;Economy;27.2
Aurora;4;MBI3;C1;Economy;5.1
Sarah;78;MBI3;B21;Economy;6.1
Micheal;16;MBI3;A32;Economy;21.7
Julia;6;MBI3;F14;Economy;26.8
Sarah;7;MBI3;F23;Economy;19.9
Aurora;87;MBI3;E27;Economy;10.1
Sarah;23;MBI3;D32;Economy;3.2
Sebastian;11;MBI3;A20;Economy;18.3
Daniel;31;MBI3;D5;Economy;9.2
David;63;MBI3;B17;Economy;24.2
David;47;MBI3;A18;Economy;11.5
Lucas;19;MBI3;A28;Economy;3.7
Aurora;82;MBI3;D10;Economy;22.9
Mateo;16;MBI3;F27;Economy;10.1
Andrew;35;MBI3;C18;Economy;20.9
Sebastian;73;MBI3;E3;Economy;22.5
Alexander;36;MBI3;A6;Economy;11.3
Micheal;40;MBI3;E10;Economy;6.1
Alexander;65;MBI3;A15;Economy;24.8
Sarah;19;MBI3;E6;Economy;14.1
Lucas;9;MBI3;C23;Economy;15.5
Sarah;42;MBI3;E5;Economy;32.1
Joshua;22;MBI3;B2;Economy;9.4
Benjamin;34;MBI3;F20;Economy;25.1
Sebastian;54;MBI3;C15;Economy;9.2
Mia;54;MBI3;F25;Economy;24.0
Sophia;20;MBI3;B30;Economy;5.7
Julia;87;MBI3;C20;Economy;5.3
Daniel;37;MBI3;E23;Economy;3.8
Mia;60;MBI3;E31;Economy;15.0
Joshua;23;MBI3;C6;Economy;13.2
William;85;MBI3;F19;Economy;13.6
Mateo;51;MBI3;C17;Economy;26.9
Benjamin;27;MBI3;D19;Economy;28.2
Benjamin;84;MBI3;B25;Economy;18.5
Mateo;17;MBI3;B21;Economy;8.7
Thomas;4;MBI3;A21;Economy;6.3
Anna;31;MBI3;C20;Economy;11.3
Andrew;24;MBI3;E25;Economy;22.9
William;6;MBI3;A25;Economy;4.1
Anna;32;II4;C23;Economy;12.8
Anna;14;II4;A13;Economy;11.6
Alexander;52;II4;E16;Economy;15.8
Aurora;74;II4;B9;Economy;30.1
Liam;76;II4;E22;Economy;24.2
Thomas;58;II4;F7;Economy;25.1
Mia;26;II4;D28;Economy;18.8
Oliver;48;II4;A28;Economy;19.5
David;36;II4;C23;Economy;20.1
Thomas;54;II4;E17;Economy;17.2
Lucas;70;II4;D3;Economy;3.0
Lucas;46;II4;A31;Economy;10.8
Mia;10;II4;B2;Economy;30.3
Daniel;77;II4;E7;Economy;27.5
Mia;10;II4;A10;Economy;13.1
Thomas;66;II4;D17;Economy;16.8
Julia;39;II4;C10;Economy;28.5
Mia;29;II4;D12;Economy;4.4
Sarah;12;II4;F32;Economy;15.2
Lucas;26;II4;B18;Economy;24.6
Mia;73;II4;E3;Economy;30.9
Sebastian;19;II4;C29;Economy;6.4
David;24;II4;E14;Economy;18.5
Benjamin;4;II4;E8;Economy;12.9
Daniel;44;II4;F25;Economy;11.2
Liam;7;II4;E24;Economy;4.4
Alexander;11;II4;A29;Economy;21.6
Alexander;45;II4;C13;Economy;9.9
Sebastian;45;II4;D13;Economy;28.1
Sebastian;63;II4;C2;Economy;27.4
Sophia;4;II4;A12;Economy;10.8
Oliver;71;II4;C13;Economy;28.4
Anna;73;II4;D27;Economy;12.7
Daniel;52;II4;F9;Economy;28.2
Mateo;3;II4;F28;Economy;21.6
Julia;66;II4;C20;Economy;13.5
Lucas;44;II4;E12;Economy;4.5
Mateo;32;II4;D14;Economy;20.7
David;37;II4;D9;Economy;11.7
Joshua;37;II4;B30;Economy;28.0
Thomas;25;II4;D19;Economy;22.0
Alexander;35;II4;B17;Economy;26.2
Daniel;40;II4;B10;Economy;13.7
Mia;56;II4;A23;Economy;2.5
Alexander;78;II4;B18;Economy;6.4
Thomas;64;II4;F26;Economy;17.2
William;48;II4;A28;Economy;27.5
Oliver;3;II4;D12;Economy;20.6
Micheal;72;II4;C19;Economy;32.8
Sarah;20;II4;B14;Economy;19.2
Aurora;80;II4;C30;Economy;6.4
Julia;28;II4;C19;Economy;10.7
David;65;II4;F4;Economy;7.0
Mateo;59;II4;D25;Economy;30.4
Oliver;31;II4;F1;Economy;27.1
Aurora;23;II4;D24;Economy;24.4
Julia;21;II4;B7;Economy;20.1
Mia;34;II4;D14;Economy;2.0
Benjamin;58;II4;D10;Economy;10.2
Thomas;10;II4;A8;Economy;29.7
Oliver;59;II4;C21;Economy;21.0
Micheal;45;II4;F6;Economy;5.6
Sarah;67;II4;C28;Economy;9.0
Thomas;11;II4;D30;Economy;12.4
Micheal;47;II4;A26;Economy;20.5
Andrew;79;II4;B3;Economy;8.4
Mia;17;II4;F4;Economy;25.2
Thomas;62;II4;D3;Economy;22.7
Sarah;22;II4;B16;Economy;7.8
Lucas;35;MBI2;A23;Economy;19.6
Daniel;29;MBI2;A17;Economy;27.7
David;44;MBI2;B21;Economy;5.3
William;63;MBI2;E26;Economy;23.0
William;11;MBI2;F13;Economy;15.8
Julia;51;MBI2;B8;Economy;30.2
Andrew;6;MBI2;D20;Economy;30.7
Micheal;43;MBI2;A2;Economy;21.7
Joshua;24;MBI2;F8;Economy;16.7
William;57;MBI2;E32;Economy;29.1
Mia;73;MBI2;D19;Economy;8.4
Liam;43;MBI2;C32;Economy;8.3
Daniel;3;MBI2;F21;Economy;3.1
Sophia;33;MBI2;A1;Economy;31.3
William;62;MBI2;B4;Economy;11.0
Sebastian;77;MBI2;F13;Economy;28.0
Lucas;81;MBI2;D29;Economy;16.1
David;18;MBI2;E26;Economy;10.8
Benjamin;23;MBI2;C19;Economy;13.0
Oliver;44;MBI2;E6;Economy;32.7
Sophia;61;MBI2;D3;Economy;31.6
David;16;MBI2;A26;Economy;13.4
Lucas;48;MBI2;E17;Economy;25.4
Oliver;66;MBI2;C26;Economy;12.0
William;37;MBI2;C31;Economy;9.1
Lucas;75;MBI2;F1;Economy;4.0
William;55;MBI2;E23;Economy;10.0
Sebastian;10;MBI2;B32;Economy;5.6
Andrew;3;MBI2;E14;Economy;30.3
Oliver;56;MBI2;F26;Economy;9.2
Sebastian;29;MBI2;A26;Economy;30.1
Sarah;34;MBI2;F14;Economy;18.7
Oliver;50;MBI2;C15;Economy;11.0
Mia;13;MBI2;F29;Economy;4.9
Julia;80;MBI2;F27;Economy;6.9
Micheal;30;MBI2;C16;Economy;24.2
Micheal;56;MBI2;A3;Economy;12.1
Sarah;18;MBI2;C6;Economy;2.7
Sebastian;59;MBI2;C23;Economy;15.2
Sophia;24;MBI2;E22;Economy;18.9
Liam;56;MBI2;F25;Economy;32.0
Micheal;33;MBI2;C8;Economy;28.7
Aurora;13;MBI2;E27;Economy;24.4
Anna;46;MBI2;E28;Economy;11.1
Sophia;51;MBI2;A14;Economy;4.0
Oliver;79;MBI2;F11;Economy;32.2
Thomas;16;MBI2;C14;Economy;18.5
Oliver;45;MBI2;F25;Economy;4.0
Daniel;59;MBI2;C3;Economy;32.5
Liam;13;MBI2;B14;Economy;8.1
Benjamin;42;MBI2;E3;Economy;7.9
Sebastian;12;MBI2;C3;Economy;2.6
Benjamin;5;MBI2;B7;Economy;31.9
Lucas;33;MBI2;B7;Economy;10.2
Oliver;19;MBI2;A23;Economy;11.7
Mateo;13;MBI2;E2;Economy;6.8
Liam;65;MBI2;E32;Economy;9.0
Sarah;30;MBI2;F15;Economy;21.0
Joshua;85;MBI2;F18;Economy;2.1
Joshua;70;MBI2;C21;Economy;28.7
Sebastian;43;MBI2;F7;Economy;5.3
Julia;5;MBI2;A22;Economy;9.0
Benjamin;7;MBI2;D11;Economy;7.1
Joshua;64;MBI2;C18;Economy;24.4
Mia;11;MBI2;A24;Economy;17.4
Aurora;49;MBI2;B14;Economy;9.1
Andrew;72;MBI2;A5;Economy;9.0
Oliver;37;MBI2;B10;Economy;4.4
David;9;MBI2;F22;Economy;21.4
Aurora;44;MBI2;F3;Economy;14.7
Julia;75;MBI2;A11;Economy;16.6
William;64;MBI2;B17;Economy;13.4
Joshua;63;MBI2;C23;Economy;10.3
Sophia;65;MBI2;C2;Economy;12.4
Joshua;40;MBI2;B9;Economy;11.9
William;2;MBI2;A6;Economy;22.3
Sebastian;39;MBI2;B29;Economy;2.4
Sarah;10;MBI2;A5;Economy;10.3
Lucas;58;MBI2;D8;Economy;32.1
Micheal;2;MBI2;D10;Economy;5.7
Sophia;26;MBI2;D3;Economy;7.3
David;56;MBI2;F15;Economy;3.6
Mia;75;MBI2;A27;Economy;3.2
Sarah;27;MBI2;C23;Economy;17.4
Sophia;19;MBI2;D13;Economy;28.7
Joshua;19;MBI2;E31;Economy;26.3
Alexander;49;MBI2;B7;Economy;3.5
Sarah;24;MBI2;F13;Economy;24.5
Julia;20;MBI2;F25;Economy;25.4
Aurora;52;MBI2;E5;Economy;29.7
Liam;56;MBI2;D18;Economy;20.1
Aurora;25;MBI2;B27;Economy;2.6
Thomas;80;MBI2;C17;Economy;4.3
William;70;MBI2;E2;Economy;16.2
Joshua;11;MBI2;C8;Economy;20.9
Sophia;84;MBI2;B12;Economy;26.5
Mia;43;MBI2;D13;Economy;10.8
Liam;50;MBI2;A7;Economy;13.9
Julia;37;MBI2;F12;Economy;19.4
David;22;MBI2;A27;Economy;31.6
Sarah;29;MBI2;C2;Economy;12.3
Anna;65;MBI2;B4;Economy;32.2
Anna;19;MBI2;B1;Economy;2.7
Joshua;82;MBI2;A14;Economy;3.9
Mia;62;MBI2;F4;Economy;21.9
Mia;4;MBI2;D23;Economy;13.6
Alexander;86;MBI2;F1;Economy;22.8
Oliver;75;MBI2;F19;Economy;21.8
Sebastian;25;MBI2;E2;Economy;20.2
Sebastian;27;MBI2;A32;Economy;15.6
Anna;48;MBI2;A3;Economy;13.5
Mateo;59;MBI2;A15;Economy;12.8
Alexander;25;MBI2;D27;Economy;13.2
Benjamin;54;MBI2;A7;Economy;11.4
Mateo;70;MBI2;F9;Economy;1.9
Daniel;61;MBI2;E3;Economy;13.0
David;52;MBI2;B10;Economy;12.3
Mia;28;MBI2;F5;Economy;32.6
Sophia;49;MBI2;C18;Economy;8.1
Alexander;32;MBI2;B17;Economy;3.8
Joshua;34;MBI2;E3;Economy;21.6
Daniel;36;MBI2;C25;Economy;15.7
Alexander;25;MBI2;F19;Economy;17.8
Sarah;20;MBI2;E17;Economy;15.3
Sebastian;59;MBI2;D30;Economy;13.2
Mia;8;MBI2;D25;Economy;12.6
Lucas;29;MBI2;F16;Economy;10.9
Micheal;84;MBI2;B19;Economy;18.3
Aurora;58;MBI2;D31;Economy;11.3
Sebastian;63;MBI2;D18;Economy;7.6
Joshua;75;MBI2;B14;Economy;7.9
Julia;66;MBI2;F3;Economy;3.8
Oliver;37;MBI2;C3;Economy;20.0
Alexander;17;MBI2;D5;Economy;22.0
Anna;46;MBI2;B14;Economy;3.2
Liam;13;MBI2;D16;Economy;29.0
William;77;MBI2;F29;Economy;3.7
Julia;60;MBI2;B26;Economy;32.6
Mateo;10;MBI2;E28;Economy;6.6
Daniel;52;MBI2;F3;Economy;12.2
Lucas;66;MBI2;E16;Economy;12.9
Thomas;31;MBI2;D6;Economy;22.1
Sarah;69;MBI2;D24;Economy;12.2
Joshua;15;MBI2;A22;Economy;2.3
Lucas;50;MBI2;A18;Economy;11.0
Sarah;65;MBI2;C10;Economy;10.3
William;48;MBI2;D12;Economy;29.9
David;70;MBI2;D24;Economy;2.0
Alexander;80;MBI2;C19;Economy;9.7
Sophia;44;MBI2;D32;Economy;21.3
Anna;25;MBI2;F3;Economy;27.9
Andrew;27;MBI2;E25;Economy;27.6
Aurora;17;MBI2;A25;Economy;11.7
William;58;MBI2;B15;Economy;11.2
David;74;MBI2;D20;Economy;17.2
Liam;40;MBI2;D26;Economy;17.9
Sophia;40;MBI2;B18;Economy;21.3
Daniel;64;MBI2;F27;Economy;13.9
Sebastian;30;MBI2;B32;Economy;18.8
Anna;69;MBI2;F31;Economy;18.6
Andrew;86;MBI2;F14;Economy;17.7
Oliver;40;MBI2;E19;Economy;12.7
Lucas;50;MBI2;D11;Economy;15.8
Sebastian;49;MBI2;F30;Economy;16.6
Alexander;50;MBI2;D4;Economy;25.4
David;21;MBI2;A19;Economy;28.9
Andrew;79;MBI2;E8;Economy;31.4
Liam;66;MBI2;E4;Economy;10.0
Micheal;30;MBI2;E32;Economy;27.2
Alexander;9;MBI2;A24;Economy;18.3
Aurora;58;MBI2;D21;Economy;21.8
Sebastian;46;MBI2;A21;Economy;27.0
Micheal;42;MBI2;B13;Economy;13.7
Oliver;9;MBI2;D19;Economy;31.7
Julia;43;MBI2;F5;Economy;31.9
David;40;MBI2;A10;Economy;15.7
David;87;MBI2;D28;Economy;17.5
Sarah;33;MBI2;F24;Economy;29.0
Oliver;12;MBI2;B10;Economy;8.8
Micheal;80;MBI2;E31;Economy;30.6
Oliver;11;MBI2;F3;Economy;30.5
Mateo;1;MBI2;D3;Economy;30.4
William;38;MBI2;C14;Economy;24.9
Andrew;19;MBI2;C6;Economy;28.7
William;63;MBI2;E11;Economy;7.9
Mateo;81;MBI2;F28;Economy;13.6
Sebastian;73;MBI2;D21;Economy;19.9
Julia;28;MBI2;E30;Economy;30.6
Sophia;3;MBI2;C20;Economy;22.0
Aurora;33;MBI2;E17;Economy;31.4
Alexander;2;MBI2;F32;Economy;8.0
Mateo;42;MBI2;E4;Economy;32.4
Lucas;9;MBI2;F29;Economy;8.2
Anna;35;MBI2;C32;Economy;2.4
Sophia;10;MBI2;B12;Economy;17.7
Andrew;83;MBI2;F12;Economy;4.8
Alexander;34;MBI2;F20;Economy;24.4
Sebastian;70;MBI2;F30;Economy;29.4
Anna;76;MBI2;D32;Economy;30.2
Sarah;32;MBI2;D12;Economy;18.1
Sarah;32;MBI2;A13;Economy;20.3
Lucas;27;MBI2;A26;Economy;6.8
Thomas;15;MBI2;F11;Economy;3.6
Sophia;76;MBI2;F22;Economy;18.5
Sebastian;26;MBI2;E1;Economy;7.5
Alexander;20;MBI2;A8;Economy;31.8
Julia;68;MBI2;C29;Economy;2.1
Alexander;8;MBI2;B26;Economy;29.7
Alexander;11;MBI2;E29;Economy;31.0
Sebastian;20;MBI2;F22;Economy;18.1
Anna;82;MBI2;A11;Economy;17.2
Alexander;84;MBI2;A27;Economy;7.4
Sophia;67;MBI2;F18;Economy;31.4
Benjamin;36;MBI2;C28;Economy;18.8
Benjamin;17;MBI2;D32;Economy;30.0
Julia;2;MBI2;C30;Economy;7.5
William;17;MBI2;C12;Economy;3.4
William;41;MBI2;E13;Economy;10.8
Benjamin;46;MBI2;A32;Economy;23.0
Mia;77;MBI2;B1;Economy;2.6
Alexander;8;MBI2;A3;Economy;8.0
Andrew;55;MBI2;D19;Economy;12.1
Joshua;83;MBI2;E32;Economy;22.6
Benjamin;52;MBI2;D22;Economy;28.4
Sebastian;41;MBI2;B24;Economy;28.9
Alexander;8;MBI2;A4;Economy;4.0
Lucas;16;MBI2;A29;Economy;19.9
Liam;46;MBI2;A21;Economy;20.9
David;31;MBI2;C30;Economy;17.0
David;23;MBI2;E29;Economy;17.0
Oliver;2;MBI2;A23;Economy;22.0
Thomas;36;MBI2;E27;Economy;18.4
Micheal;32;MBI2;F27;Economy;31.6
Daniel;87;MBI2;B23;Economy;7.4
Sarah;87;MBI2;F14;Economy;24.0
Micheal;42;MBI2;D2;Economy;7.8
Oliver;74;MBI2;D12;Economy;8.8
Lucas;57;MBI2;C26;Economy;28.5
Sophia;68;MBI2;F16;Economy;31.1
Benjamin;27;MBI2;E4;Economy;17.3
Liam;86;MBI2;E7;Economy;27.9
Daniel;45;MBI2;B30;Economy;7.6
Micheal;80;MBI2;B5;Economy;9.9
Lucas;37;MBI2;D17;Economy;27.1
Thomas;14;MBI2;E29;Economy;25.0
Oliver;64;MBI2;D32;Economy;13.7
Micheal;14;MBI2;A2;Economy;7.2
Benjamin;66;MBI2;A17;Economy;19.0
Alexander;42;MBI2;C9;Economy;28.1
Daniel;77;MBI2;D27;Economy;6.9
Alexander;55;MBI2;C31;Economy;19.8
Mateo;72;MBI2;E27;Economy;10.9
Aurora;37;MBI2;E1;Economy;5.2
Lucas;49;MBI2;D29;Economy;9.6
David;30;MBI2;F25;Economy;5.1
Anna;62;MBI2;E13;Economy;9.9
William;28;MBI2;E31;Economy;25.2
Aurora;77;MBI2;E22;Economy;28.7
William;8;MBI2;A10;Economy;5.5
Micheal;53;MBI2;E17;Economy;11.0
Sophia;8;MBI2;D7;Economy;13.1
Thomas;65;MBI2;F18;Economy;25.1
Alexander;1;MBI2;D14;Economy;11.1
Joshua;47;MBI2;E1;Economy;3.5
Anna;35;MBI2;C8;Economy;23.4
Mateo;70;MBI2;F18;Economy;4.3
Alexander;1;MBI2;F7;Economy;15.1
Oliver;25;MBI2;C25;Economy;6.8
Daniel;81;MBI2;E10;Economy;21.8
Aurora;30;MBI2;E6;Economy;18.9
Alexander;13;MBI2;B32;Economy;12.1
Sophia;3;MBI2;F28;Economy;32.7
Daniel;56;MBI2;E23;Economy;10.0
Lucas;12;MBI2;C18;Economy;31.4
Andrew;6;MBI2;B22;Economy;19.5
